{"type":"FeatureCollection","name":"El Amanecer","features":[{"type":"Feature","properties":{"id":"E1-S1","nombre":"Equipo 1 · Sector 1","layer":"sector","sector":"Sector 1","equipo_riego":"Equipo 1","equipo_id":1,"hectareas":6.14,"hileras":105,"etiquetas_plano":"1-1-N, 1-1-N, 1-1-N, 1-1-S","variedades":"Meeker, Cascade Harvest","color":"#ff7f00"},"geometry":{"type":"MultiPolygon","coordinates":[[[[-72.47031,-39.542974],[-72.470319,-39.542722],[-72.469936,-39.542692],[-72.469936,-39.542685],[-72.469867,-39.542678],[-72.469867,-39.542671],[-72.469832,-39.542671],[-72.469833,-39.542662],[-72.469798,-39.542661],[-72.469798,-39.542653],[-72.469763,-39.542652],[-72.469763,-39.542644],[-72.469729,-39.542643],[-72.469729,-39.542636],[-72.469694,-39.542635],[-72.469694,-39.542628],[-72.469659,-39.542628],[-72.46966,-39.54262],[-72.469625,-39.54262],[-72.469625,-39.542613],[-72.46959,-39.542612],[-72.46959,-39.542605],[-72.469555,-39.542604],[-72.469556,-39.542597],[-72.469452,-39.542582],[-72.469452,-39.542574],[-72.469417,-39.542573],[-72.469417,-39.542565],[-72.469382,-39.542564],[-72.469383,-39.542556],[-72.469348,-39.542555],[-72.469348,-39.542547],[-72.469313,-39.542546],[-72.469314,-39.542537],[-72.469279,-39.542536],[-72.469279,-39.542526],[-72.469244,-39.542526],[-72.469244,-39.542516],[-72.46921,-39.542515],[-72.469113,-39.545162],[-72.469358,-39.545165],[-72.469358,-39.545149],[-72.469393,-39.54515],[-72.469394,-39.545127],[-72.469429,-39.545127],[-72.46943,-39.545104],[-72.469465,-39.545104],[-72.469466,-39.545066],[-72.469501,-39.545067],[-72.469502,-39.545027],[-72.469537,-39.545028],[-72.469538,-39.544991],[-72.469573,-39.544992],[-72.469575,-39.544943],[-72.46961,-39.544944],[-72.469612,-39.544893],[-72.469647,-39.544893],[-72.469649,-39.544839],[-72.469684,-39.54484],[-72.469686,-39.544785],[-72.469721,-39.544786],[-72.469722,-39.544731],[-72.469757,-39.544732],[-72.46976,-39.544672],[-72.469794,-39.544673],[-72.469797,-39.544613],[-72.469831,-39.544613],[-72.469834,-39.544552],[-72.469869,-39.544553],[-72.469871,-39.544475],[-72.469906,-39.544476],[-72.469911,-39.544349],[-72.469946,-39.54435],[-72.469951,-39.5442],[-72.469986,-39.5442],[-72.469994,-39.543991],[-72.470029,-39.543992],[-72.470037,-39.543762],[-72.470072,-39.543763],[-72.47008,-39.543551],[-72.470114,-39.543552],[-72.47012,-39.543403],[-72.470155,-39.543403],[-72.470159,-39.543292],[-72.470194,-39.543293],[-72.470198,-39.543186],[-72.470232,-39.543187],[-72.470236,-39.54308],[-72.470271,-39.54308],[-72.470275,-39.542974],[-72.47031,-39.542974]]],[[[-72.468381,-39.545147],[-72.469113,-39.545162],[-72.46921,-39.542509],[-72.469175,-39.542508],[-72.469175,-39.542501],[-72.469106,-39.542493],[-72.469106,-39.542486],[-72.469036,-39.542478],[-72.469037,-39.542472],[-72.469002,-39.542471],[-72.469002,-39.542464],[-72.468967,-39.542463],[-72.468967,-39.542455],[-72.468933,-39.542454],[-72.468933,-39.54244],[-72.468898,-39.54244],[-72.468899,-39.542424],[-72.468864,-39.542423],[-72.468865,-39.542404],[-72.46883,-39.542403],[-72.468831,-39.542377],[-72.468796,-39.542376],[-72.468797,-39.54234],[-72.468762,-39.54234],[-72.468763,-39.542307],[-72.468728,-39.542306],[-72.46873,-39.542265],[-72.468695,-39.542264],[-72.468697,-39.542208],[-72.468662,-39.542207],[-72.468664,-39.542167],[-72.468629,-39.542166],[-72.468631,-39.54212],[-72.468596,-39.542119],[-72.468597,-39.542073],[-72.468562,-39.542072],[-72.468564,-39.542026],[-72.468529,-39.542025],[-72.468531,-39.54198],[-72.468496,-39.541979],[-72.468381,-39.545147]]],[[[-72.468462,-39.541947],[-72.468463,-39.541924],[-72.468428,-39.541923],[-72.468429,-39.541907],[-72.468394,-39.541907],[-72.468395,-39.541891],[-72.46836,-39.54189],[-72.46836,-39.541874],[-72.468325,-39.541873],[-72.468326,-39.541859],[-72.468186,-39.541853],[-72.467976,-39.541872],[-72.467858,-39.545136],[-72.468381,-39.545147],[-72.468497,-39.541948],[-72.468462,-39.541947]]],[[[-72.469145,-39.545259],[-72.467854,-39.545229],[-72.467824,-39.546064],[-72.467859,-39.546065],[-72.467861,-39.546005],[-72.467896,-39.546006],[-72.467897,-39.545983],[-72.467932,-39.545983],[-72.467932,-39.54596],[-72.467967,-39.545961],[-72.467968,-39.545941],[-72.468003,-39.545942],[-72.468004,-39.545922],[-72.468038,-39.545923],[-72.468039,-39.545903],[-72.468074,-39.545904],[-72.468075,-39.545884],[-72.46811,-39.545885],[-72.46811,-39.545865],[-72.468145,-39.545866],[-72.468146,-39.545846],[-72.468181,-39.545847],[-72.468182,-39.545827],[-72.468216,-39.545828],[-72.468217,-39.545808],[-72.468252,-39.545809],[-72.468253,-39.545789],[-72.468288,-39.545789],[-72.468289,-39.545761],[-72.468324,-39.545762],[-72.468324,-39.545742],[-72.468359,-39.545743],[-72.46836,-39.545723],[-72.468395,-39.545724],[-72.468396,-39.545704],[-72.46843,-39.545704],[-72.468431,-39.545685],[-72.468466,-39.545685],[-72.468467,-39.545665],[-72.468502,-39.545666],[-72.468502,-39.545646],[-72.468537,-39.545647],[-72.468538,-39.545627],[-72.468573,-39.545628],[-72.468574,-39.545608],[-72.468608,-39.545609],[-72.468609,-39.545588],[-72.468644,-39.545589],[-72.468645,-39.545568],[-72.46868,-39.545568],[-72.46868,-39.545547],[-72.468715,-39.545548],[-72.468716,-39.545527],[-72.468751,-39.545528],[-72.468752,-39.545507],[-72.468787,-39.545507],[-72.468787,-39.545486],[-72.468822,-39.545487],[-72.468823,-39.545466],[-72.468858,-39.545467],[-72.468859,-39.545446],[-72.468894,-39.545446],[-72.468894,-39.545425],[-72.468929,-39.545426],[-72.46893,-39.545404],[-72.468965,-39.545405],[-72.468966,-39.545383],[-72.469001,-39.545384],[-72.469001,-39.545362],[-72.469036,-39.545363],[-72.469037,-39.545341],[-72.469072,-39.545342],[-72.469073,-39.54532],[-72.469108,-39.545321],[-72.469108,-39.545299],[-72.469143,-39.5453],[-72.469145,-39.545259]]]]}},{"type":"Feature","properties":{"id":"E1-S2","nombre":"Equipo 1 · Sector 2","layer":"sector","sector":"Sector 2","equipo_riego":"Equipo 1","equipo_id":1,"hectareas":5.72,"hileras":80,"etiquetas_plano":"2-1-N, 2-1-S","color":"#ffff00"},"geometry":{"type":"MultiPolygon","coordinates":[[[[-72.467976,-39.541877],[-72.467836,-39.541888],[-72.467836,-39.541894],[-72.467801,-39.541893],[-72.467801,-39.541899],[-72.467766,-39.541898],[-72.467766,-39.541904],[-72.467731,-39.541903],[-72.467731,-39.541909],[-72.467696,-39.541908],[-72.467696,-39.541914],[-72.467661,-39.541913],[-72.46766,-39.541919],[-72.467626,-39.541918],[-72.46759,-39.541929],[-72.46731,-39.541957],[-72.46731,-39.541963],[-72.467275,-39.541962],[-72.467275,-39.541968],[-72.46724,-39.541967],[-72.46724,-39.541973],[-72.467205,-39.541972],[-72.467205,-39.541978],[-72.46717,-39.541977],[-72.467134,-39.541988],[-72.466924,-39.542011],[-72.466924,-39.542018],[-72.466819,-39.542032],[-72.466818,-39.542039],[-72.466714,-39.542034],[-72.466713,-39.542045],[-72.466679,-39.542044],[-72.466677,-39.542091],[-72.466572,-39.542099],[-72.466462,-39.545112],[-72.466776,-39.545115],[-72.466779,-39.545035],[-72.466814,-39.545036],[-72.466818,-39.54492],[-72.466923,-39.544923],[-72.466916,-39.545102],[-72.466951,-39.545103],[-72.466951,-39.545114],[-72.467858,-39.545136],[-72.467976,-39.541877]]],[[[-72.467854,-39.545229],[-72.467052,-39.545213],[-72.467017,-39.545216],[-72.467017,-39.545224],[-72.466982,-39.545223],[-72.466981,-39.545231],[-72.466947,-39.54523],[-72.466946,-39.545238],[-72.466911,-39.545237],[-72.466911,-39.545244],[-72.466772,-39.545237],[-72.466772,-39.545222],[-72.466703,-39.545211],[-72.466459,-39.545199],[-72.466458,-39.545219],[-72.466493,-39.54522],[-72.46644,-39.546687],[-72.466475,-39.546687],[-72.466475,-39.546673],[-72.46651,-39.546673],[-72.466511,-39.546659],[-72.466546,-39.546659],[-72.466546,-39.546645],[-72.466581,-39.546646],[-72.466581,-39.546631],[-72.466616,-39.546632],[-72.466617,-39.546616],[-72.466652,-39.546617],[-72.466652,-39.546602],[-72.466687,-39.546602],[-72.466688,-39.546587],[-72.466723,-39.546588],[-72.466723,-39.546572],[-72.466758,-39.546573],[-72.466759,-39.546558],[-72.466794,-39.546558],[-72.466794,-39.546543],[-72.466829,-39.546544],[-72.46683,-39.546528],[-72.466864,-39.546529],[-72.466865,-39.546514],[-72.4669,-39.546514],[-72.4669,-39.546499],[-72.466935,-39.5465],[-72.466936,-39.546484],[-72.466971,-39.546485],[-72.466971,-39.54647],[-72.467006,-39.546471],[-72.467007,-39.546455],[-72.467042,-39.546456],[-72.467042,-39.546441],[-72.467077,-39.546442],[-72.467078,-39.546426],[-72.467113,-39.546427],[-72.467113,-39.546412],[-72.467148,-39.546412],[-72.467149,-39.546397],[-72.467183,-39.546398],[-72.467184,-39.546383],[-72.467219,-39.546383],[-72.467219,-39.546368],[-72.467254,-39.546369],[-72.467255,-39.546354],[-72.46729,-39.546354],[-72.46729,-39.546339],[-72.467325,-39.54634],[-72.467326,-39.546306],[-72.467396,-39.546308],[-72.467397,-39.546294],[-72.467432,-39.546294],[-72.467432,-39.546279],[-72.467467,-39.54628],[-72.467468,-39.546264],[-72.467502,-39.546265],[-72.467503,-39.54625],[-72.467538,-39.546251],[-72.467538,-39.546235],[-72.467573,-39.546236],[-72.467574,-39.546221],[-72.467609,-39.546221],[-72.467609,-39.546206],[-72.467644,-39.546207],[-72.467645,-39.546191],[-72.46768,-39.546192],[-72.46768,-39.546177],[-72.467715,-39.546178],[-72.467716,-39.546153],[-72.467751,-39.546154],[-72.467752,-39.546129],[-72.467787,-39.546129],[-72.467788,-39.546097],[-72.467823,-39.546098],[-72.467854,-39.545229]]]]}},{"type":"Feature","properties":{"id":"E1-S3","nombre":"Equipo 1 · Sector 3","layer":"sector","sector":"Sector 3","equipo_riego":"Equipo 1","equipo_id":1,"hectareas":5.86,"hileras":71,"etiquetas_plano":"3-1-N (+2 hileras al este del canal), 3-1-S","color":"#00bd00"},"geometry":{"type":"MultiPolygon","coordinates":[[[[-72.465102,-39.545075],[-72.466358,-39.545105],[-72.46647,-39.542025],[-72.466435,-39.542024],[-72.466434,-39.542037],[-72.4664,-39.542036],[-72.466399,-39.542049],[-72.466329,-39.542047],[-72.466331,-39.542009],[-72.465703,-39.541996],[-72.465353,-39.542005],[-72.465353,-39.542027],[-72.465213,-39.54203],[-72.465102,-39.545075]]],[[[-72.466355,-39.545193],[-72.465064,-39.545166],[-72.464979,-39.547501],[-72.465014,-39.547502],[-72.465015,-39.547477],[-72.46505,-39.547478],[-72.46505,-39.547452],[-72.465085,-39.547453],[-72.465086,-39.547428],[-72.465121,-39.547428],[-72.465122,-39.547403],[-72.465157,-39.547404],[-72.465158,-39.547378],[-72.465193,-39.547379],[-72.465194,-39.547354],[-72.465229,-39.547354],[-72.465229,-39.547329],[-72.465264,-39.54733],[-72.465265,-39.547304],[-72.4653,-39.547305],[-72.465301,-39.54728],[-72.465336,-39.54728],[-72.465337,-39.547255],[-72.465372,-39.547256],[-72.465373,-39.54723],[-72.465408,-39.547231],[-72.465408,-39.547208],[-72.465443,-39.547208],[-72.465444,-39.547185],[-72.465479,-39.547186],[-72.46548,-39.547162],[-72.465515,-39.547163],[-72.465516,-39.547139],[-72.465551,-39.54714],[-72.465551,-39.547116],[-72.465586,-39.547117],[-72.465587,-39.547094],[-72.465622,-39.547094],[-72.465623,-39.547071],[-72.465658,-39.547072],[-72.465658,-39.547052],[-72.465693,-39.547053],[-72.465695,-39.547002],[-72.465765,-39.547004],[-72.465766,-39.546987],[-72.4658,-39.546988],[-72.465801,-39.546972],[-72.465836,-39.546973],[-72.465837,-39.546957],[-72.465871,-39.546957],[-72.465872,-39.546941],[-72.465907,-39.546942],[-72.465907,-39.546926],[-72.465942,-39.546926],[-72.465943,-39.54691],[-72.465978,-39.546911],[-72.465978,-39.546895],[-72.466013,-39.546895],[-72.466014,-39.546879],[-72.466049,-39.54688],[-72.466049,-39.546864],[-72.466084,-39.546865],[-72.466085,-39.54685],[-72.46612,-39.546851],[-72.46612,-39.546837],[-72.466155,-39.546837],[-72.466156,-39.546823],[-72.46619,-39.546824],[-72.466191,-39.546809],[-72.466226,-39.54681],[-72.466226,-39.546796],[-72.466261,-39.546796],[-72.466262,-39.546782],[-72.466297,-39.546783],[-72.466355,-39.545193]]]]}},{"type":"Feature","properties":{"id":"E1-S4","nombre":"Equipo 1 · Sector 4","layer":"sector","sector":"Sector 4","equipo_riego":"Equipo 1","equipo_id":1,"hectareas":6.06,"hileras":65,"etiquetas_plano":"4-1-N, 4-1-S","color":"#ff00ff"},"geometry":{"type":"MultiPolygon","coordinates":[[[[-72.465213,-39.542036],[-72.465108,-39.542046],[-72.465107,-39.542054],[-72.465002,-39.542067],[-72.465002,-39.542076],[-72.464967,-39.542075],[-72.464967,-39.542083],[-72.464932,-39.542082],[-72.464931,-39.542091],[-72.464897,-39.54209],[-72.464896,-39.542098],[-72.464861,-39.542097],[-72.464861,-39.542106],[-72.464826,-39.542105],[-72.464826,-39.542113],[-72.464791,-39.542113],[-72.464791,-39.542123],[-72.464756,-39.542122],[-72.464755,-39.542133],[-72.464721,-39.542132],[-72.46472,-39.542143],[-72.464685,-39.542142],[-72.464685,-39.542154],[-72.46465,-39.542153],[-72.464649,-39.54217],[-72.464614,-39.54217],[-72.464614,-39.542187],[-72.464579,-39.542186],[-72.464578,-39.542203],[-72.464543,-39.542203],[-72.464543,-39.54222],[-72.464508,-39.542219],[-72.464507,-39.542237],[-72.464472,-39.542236],[-72.464472,-39.542253],[-72.464437,-39.542252],[-72.464436,-39.542268],[-72.464401,-39.542268],[-72.464401,-39.542284],[-72.464366,-39.542283],[-72.464365,-39.542299],[-72.464331,-39.542299],[-72.46433,-39.542315],[-72.464295,-39.542314],[-72.464294,-39.54233],[-72.46426,-39.54233],[-72.464259,-39.542346],[-72.464224,-39.542345],[-72.464224,-39.542361],[-72.464189,-39.542361],[-72.464188,-39.542377],[-72.464153,-39.542376],[-72.464153,-39.542393],[-72.464118,-39.542392],[-72.464117,-39.542408],[-72.464082,-39.542408],[-72.464082,-39.542424],[-72.464047,-39.542423],[-72.463951,-39.545052],[-72.465102,-39.545075],[-72.465213,-39.542036]]],[[[-72.465064,-39.545165],[-72.463948,-39.54514],[-72.463839,-39.548134],[-72.463909,-39.548127],[-72.463909,-39.548118],[-72.463944,-39.548119],[-72.463944,-39.548109],[-72.463979,-39.54811],[-72.46398,-39.548099],[-72.464014,-39.5481],[-72.464015,-39.548089],[-72.46405,-39.54809],[-72.46405,-39.548076],[-72.464085,-39.548076],[-72.464086,-39.548061],[-72.464121,-39.548062],[-72.464121,-39.548043],[-72.464156,-39.548044],[-72.464157,-39.548025],[-72.464192,-39.548025],[-72.464192,-39.548006],[-72.464227,-39.548007],[-72.464228,-39.547988],[-72.464263,-39.547989],[-72.464264,-39.54797],[-72.464298,-39.54797],[-72.464299,-39.547951],[-72.464334,-39.547952],[-72.464335,-39.547932],[-72.46437,-39.547933],[-72.46437,-39.547913],[-72.464405,-39.547913],[-72.464406,-39.547893],[-72.464441,-39.547894],[-72.464442,-39.54787],[-72.464477,-39.547871],[-72.464478,-39.547847],[-72.464512,-39.547848],[-72.464513,-39.547825],[-72.464548,-39.547825],[-72.464549,-39.5478],[-72.464584,-39.547801],[-72.464585,-39.547775],[-72.46462,-39.547775],[-72.464621,-39.54775],[-72.464656,-39.54775],[-72.464657,-39.547725],[-72.464691,-39.547725],[-72.464692,-39.5477],[-72.464727,-39.547701],[-72.464728,-39.547675],[-72.464763,-39.547676],[-72.464764,-39.54765],[-72.464799,-39.547651],[-72.4648,-39.547625],[-72.464835,-39.547626],[-72.464836,-39.547601],[-72.46487,-39.547601],[-72.464871,-39.547576],[-72.464906,-39.547577],[-72.464907,-39.547551],[-72.464942,-39.547552],[-72.464943,-39.547526],[-72.464978,-39.547527],[-72.465064,-39.545165]]]]}},{"type":"Feature","properties":{"id":"E1-S5","nombre":"Equipo 1 · Sector 5","layer":"sector","sector":"Sector 5","equipo_riego":"Equipo 1","equipo_id":1,"hectareas":6.0,"hileras":70,"etiquetas_plano":"5-1-S, 5-1-N","color":"#00ffff"},"geometry":{"type":"MultiPolygon","coordinates":[[[[-72.463948,-39.54514],[-72.462727,-39.545114],[-72.462608,-39.548386],[-72.462783,-39.548374],[-72.462783,-39.548366],[-72.462818,-39.548367],[-72.462818,-39.548358],[-72.462853,-39.548359],[-72.462853,-39.54835],[-72.462888,-39.548351],[-72.462889,-39.548342],[-72.462923,-39.548343],[-72.462924,-39.548335],[-72.462994,-39.548328],[-72.462994,-39.548319],[-72.463029,-39.54832],[-72.463029,-39.548311],[-72.463064,-39.548312],[-72.463065,-39.548304],[-72.463099,-39.548304],[-72.4631,-39.548296],[-72.463135,-39.548296],[-72.463135,-39.548287],[-72.46317,-39.548288],[-72.46317,-39.548279],[-72.463205,-39.54828],[-72.463205,-39.548271],[-72.46324,-39.548272],[-72.463241,-39.548263],[-72.463275,-39.548264],[-72.463276,-39.548255],[-72.463311,-39.548256],[-72.463311,-39.548247],[-72.463346,-39.548248],[-72.463346,-39.548239],[-72.463381,-39.54824],[-72.463381,-39.548231],[-72.463416,-39.548232],[-72.463417,-39.548223],[-72.463451,-39.548223],[-72.463452,-39.548215],[-72.463487,-39.548215],[-72.463487,-39.548207],[-72.463522,-39.548207],[-72.463522,-39.548199],[-72.463557,-39.5482],[-72.463557,-39.548192],[-72.463627,-39.548186],[-72.463628,-39.548178],[-72.463663,-39.548179],[-72.463663,-39.548171],[-72.463768,-39.548157],[-72.463768,-39.548149],[-72.463838,-39.548143],[-72.463948,-39.54514]]],[[[-72.464046,-39.54244],[-72.464011,-39.542439],[-72.464011,-39.542456],[-72.463976,-39.542455],[-72.463975,-39.542472],[-72.46394,-39.542471],[-72.46394,-39.542487],[-72.463905,-39.542487],[-72.463904,-39.542503],[-72.463869,-39.542502],[-72.463869,-39.542519],[-72.463834,-39.542518],[-72.463833,-39.542535],[-72.463798,-39.542534],[-72.463798,-39.542553],[-72.463763,-39.542553],[-72.463762,-39.542573],[-72.463727,-39.542572],[-72.463726,-39.542601],[-72.463691,-39.5426],[-72.46369,-39.542629],[-72.463655,-39.542628],[-72.463654,-39.542659],[-72.463619,-39.542659],[-72.463617,-39.542712],[-72.463582,-39.542711],[-72.46358,-39.542766],[-72.463546,-39.542765],[-72.463544,-39.542819],[-72.463509,-39.542818],[-72.463507,-39.542873],[-72.463472,-39.542872],[-72.46347,-39.542926],[-72.463435,-39.542926],[-72.463433,-39.54298],[-72.463398,-39.542979],[-72.463396,-39.543033],[-72.463361,-39.543032],[-72.463359,-39.543082],[-72.463325,-39.543081],[-72.463323,-39.543131],[-72.463288,-39.543131],[-72.463286,-39.543192],[-72.463251,-39.543191],[-72.463248,-39.543255],[-72.463214,-39.543255],[-72.463211,-39.543319],[-72.463176,-39.543318],[-72.463174,-39.54337],[-72.46314,-39.543369],[-72.463138,-39.543422],[-72.463103,-39.543421],[-72.463101,-39.543473],[-72.463066,-39.543472],[-72.463064,-39.543524],[-72.463029,-39.543524],[-72.463027,-39.543576],[-72.462992,-39.543575],[-72.462991,-39.543628],[-72.462956,-39.543627],[-72.462954,-39.54368],[-72.462919,-39.543679],[-72.462917,-39.54373],[-72.462882,-39.54373],[-72.46288,-39.543775],[-72.462846,-39.543774],[-72.462844,-39.543819],[-72.462809,-39.543818],[-72.462807,-39.543863],[-72.462773,-39.543863],[-72.46273,-39.545024],[-72.463951,-39.545052],[-72.464046,-39.54244]]]]}},{"type":"Feature","properties":{"id":"E1-S6","nombre":"Equipo 1 · Sector 6","layer":"sector","sector":"Sector 6","equipo_riego":"Equipo 1","equipo_id":1,"hectareas":5.98,"hileras":102,"etiquetas_plano":"6-1-S, 6-1","color":"#bd2e00"},"geometry":{"type":"MultiPolygon","coordinates":[[[[-72.462727,-39.545114],[-72.461994,-39.545102],[-72.461991,-39.545204],[-72.461956,-39.545203],[-72.461953,-39.545286],[-72.461918,-39.545285],[-72.461915,-39.545368],[-72.46188,-39.545367],[-72.461877,-39.545449],[-72.461842,-39.545449],[-72.461839,-39.545531],[-72.461804,-39.54553],[-72.461801,-39.545613],[-72.461766,-39.545612],[-72.461763,-39.545691],[-72.461728,-39.54569],[-72.461726,-39.545769],[-72.461691,-39.545768],[-72.461688,-39.545847],[-72.461653,-39.545847],[-72.46165,-39.545926],[-72.461615,-39.545925],[-72.461612,-39.546004],[-72.461577,-39.546003],[-72.461574,-39.546089],[-72.461539,-39.546088],[-72.461536,-39.546174],[-72.461501,-39.546173],[-72.461498,-39.546259],[-72.461463,-39.546258],[-72.461461,-39.546332],[-72.461426,-39.546331],[-72.461423,-39.546409],[-72.461388,-39.546408],[-72.461385,-39.546484],[-72.46135,-39.546483],[-72.461348,-39.546558],[-72.461313,-39.546558],[-72.46131,-39.546628],[-72.461275,-39.546627],[-72.461273,-39.546698],[-72.461238,-39.546697],[-72.461235,-39.546768],[-72.461201,-39.546767],[-72.461198,-39.546838],[-72.461163,-39.546837],[-72.46116,-39.546907],[-72.461126,-39.546907],[-72.461122,-39.546996],[-72.461087,-39.546996],[-72.461084,-39.547078],[-72.46105,-39.547078],[-72.461046,-39.547164],[-72.461011,-39.547164],[-72.46101,-39.547204],[-72.460975,-39.547203],[-72.460974,-39.547245],[-72.460939,-39.547245],[-72.460937,-39.547286],[-72.460902,-39.547286],[-72.460901,-39.547328],[-72.460866,-39.547327],[-72.460864,-39.547368],[-72.46083,-39.547367],[-72.460828,-39.547396],[-72.460794,-39.547395],[-72.460793,-39.547415],[-72.460758,-39.547414],[-72.460757,-39.547435],[-72.460722,-39.547434],[-72.460722,-39.547452],[-72.460477,-39.547474],[-72.460476,-39.547481],[-72.460441,-39.54748],[-72.460441,-39.547491],[-72.460406,-39.54749],[-72.460406,-39.5475],[-72.460371,-39.5475],[-72.46037,-39.547514],[-72.460335,-39.547513],[-72.460334,-39.547548],[-72.460299,-39.547547],[-72.460298,-39.547582],[-72.460263,-39.547581],[-72.460262,-39.547616],[-72.460227,-39.547615],[-72.460225,-39.547663],[-72.46019,-39.547662],[-72.460189,-39.547709],[-72.460154,-39.547709],[-72.460153,-39.54774],[-72.460118,-39.547739],[-72.460117,-39.547769],[-72.460082,-39.547768],[-72.460081,-39.547787],[-72.460046,-39.547786],[-72.460046,-39.547805],[-72.460011,-39.547804],[-72.46001,-39.547823],[-72.459975,-39.547822],[-72.459974,-39.547839],[-72.45994,-39.547838],[-72.459939,-39.547855],[-72.459904,-39.547854],[-72.459904,-39.54787],[-72.459869,-39.54787],[-72.459868,-39.547886],[-72.459798,-39.547895],[-72.459797,-39.54792],[-72.459727,-39.547918],[-72.459727,-39.547928],[-72.459692,-39.547928],[-72.459653,-39.548994],[-72.459688,-39.548995],[-72.459689,-39.548971],[-72.459724,-39.548972],[-72.459725,-39.548948],[-72.459759,-39.548948],[-72.45976,-39.548924],[-72.459795,-39.548925],[-72.459796,-39.548901],[-72.459831,-39.548902],[-72.459832,-39.548878],[-72.459867,-39.548879],[-72.459868,-39.548855],[-72.459902,-39.548856],[-72.459903,-39.548832],[-72.459938,-39.548833],[-72.459939,-39.548809],[-72.459974,-39.548809],[-72.459975,-39.548786],[-72.46001,-39.548786],[-72.460011,-39.548763],[-72.460045,-39.548763],[-72.460046,-39.54874],[-72.460081,-39.54874],[-72.460082,-39.548717],[-72.460117,-39.548717],[-72.460118,-39.548694],[-72.460153,-39.548694],[-72.460154,-39.54865],[-72.460224,-39.548644],[-72.460225,-39.548625],[-72.46026,-39.548625],[-72.460261,-39.548605],[-72.460296,-39.548606],[-72.460296,-39.548586],[-72.460331,-39.548587],[-72.460332,-39.548568],[-72.460367,-39.548569],[-72.460367,-39.548558],[-72.460402,-39.548559],[-72.460402,-39.548549],[-72.460437,-39.548549],[-72.460438,-39.548539],[-72.460473,-39.54854],[-72.460473,-39.548533],[-72.460508,-39.548534],[-72.460508,-39.548526],[-72.460543,-39.548527],[-72.460543,-39.54852],[-72.460578,-39.548521],[-72.460578,-39.548513],[-72.461138,-39.548469],[-72.462608,-39.548389],[-72.462727,-39.545114]]],[[[-72.462734,-39.543953],[-72.462699,-39.543952],[-72.462698,-39.543999],[-72.462663,-39.543998],[-72.462661,-39.544044],[-72.462626,-39.544043],[-72.462625,-39.544089],[-72.46259,-39.544089],[-72.462588,-39.544136],[-72.462553,-39.544136],[-72.462551,-39.544183],[-72.462517,-39.544183],[-72.462515,-39.54423],[-72.46248,-39.544229],[-72.462479,-39.544268],[-72.462444,-39.544267],[-72.462442,-39.544314],[-72.462407,-39.544314],[-72.462404,-39.544395],[-72.462369,-39.544394],[-72.462369,-39.544407],[-72.462334,-39.544406],[-72.462332,-39.544449],[-72.462297,-39.544448],[-72.462296,-39.544491],[-72.462261,-39.54449],[-72.462259,-39.544533],[-72.462224,-39.544533],[-72.462223,-39.544575],[-72.462188,-39.544575],[-72.462186,-39.544618],[-72.462152,-39.544617],[-72.46215,-39.544667],[-72.462115,-39.544666],[-72.462112,-39.544759],[-72.462077,-39.544758],[-72.462068,-39.545008],[-72.462695,-39.545023],[-72.462734,-39.543953]]]]}},{"type":"Feature","properties":{"id":"E1-S7","nombre":"Equipo 1 · Sector 7","layer":"sector","sector":"Sector 7","equipo_riego":"Equipo 1","equipo_id":1,"hectareas":5.85,"hileras":135,"etiquetas_plano":"7-1, 7-1","color":"#0000ff"},"geometry":{"type":"MultiPolygon","coordinates":[[[[-72.461862,-39.548722],[-72.46085,-39.548732],[-72.460849,-39.548744],[-72.460814,-39.548743],[-72.460814,-39.548756],[-72.460779,-39.548755],[-72.460778,-39.548768],[-72.460744,-39.548767],[-72.460743,-39.548786],[-72.460708,-39.548785],[-72.460707,-39.548804],[-72.460672,-39.548803],[-72.460672,-39.548823],[-72.460637,-39.548822],[-72.460636,-39.548841],[-72.460601,-39.54884],[-72.460601,-39.548859],[-72.460566,-39.548859],[-72.460565,-39.548878],[-72.46053,-39.548877],[-72.460529,-39.548896],[-72.460494,-39.548896],[-72.460494,-39.548915],[-72.460459,-39.548914],[-72.460458,-39.548933],[-72.460423,-39.548933],[-72.460423,-39.548952],[-72.460388,-39.548951],[-72.460387,-39.548973],[-72.460352,-39.548973],[-72.460351,-39.548995],[-72.460316,-39.548994],[-72.460316,-39.549017],[-72.460281,-39.549016],[-72.46028,-39.549039],[-72.460245,-39.549038],[-72.460244,-39.549061],[-72.460209,-39.54906],[-72.460208,-39.549085],[-72.460173,-39.549084],[-72.460172,-39.54911],[-72.460138,-39.549109],[-72.460137,-39.549134],[-72.460102,-39.549134],[-72.460101,-39.549159],[-72.460066,-39.549158],[-72.460065,-39.549184],[-72.46003,-39.549183],[-72.460029,-39.549208],[-72.459994,-39.549208],[-72.459993,-39.549238],[-72.459958,-39.549238],[-72.459957,-39.549269],[-72.459922,-39.549268],[-72.459921,-39.549299],[-72.459886,-39.549298],[-72.459885,-39.54933],[-72.45985,-39.549329],[-72.459849,-39.54936],[-72.459814,-39.549359],[-72.459813,-39.549391],[-72.459778,-39.54939],[-72.459777,-39.549421],[-72.459742,-39.54942],[-72.459741,-39.549452],[-72.459706,-39.549451],[-72.459705,-39.549482],[-72.45967,-39.549482],[-72.459669,-39.549513],[-72.459634,-39.549512],[-72.459633,-39.549543],[-72.459598,-39.549543],[-72.459587,-39.54984],[-72.459622,-39.54984],[-72.459621,-39.549863],[-72.459656,-39.549864],[-72.459655,-39.549886],[-72.45969,-39.549887],[-72.459689,-39.54991],[-72.459724,-39.549911],[-72.459724,-39.549933],[-72.459758,-39.549934],[-72.459758,-39.549954],[-72.459793,-39.549955],[-72.459792,-39.549975],[-72.459827,-39.549976],[-72.459826,-39.549997],[-72.459861,-39.549997],[-72.45986,-39.550018],[-72.459895,-39.550018],[-72.459894,-39.550039],[-72.459929,-39.55004],[-72.459928,-39.55006],[-72.459963,-39.550061],[-72.459962,-39.550081],[-72.459997,-39.550082],[-72.459997,-39.550102],[-72.460032,-39.550103],[-72.460031,-39.550123],[-72.460066,-39.550124],[-72.460065,-39.550145],[-72.4601,-39.550145],[-72.460099,-39.550166],[-72.460134,-39.550166],[-72.460133,-39.550187],[-72.460168,-39.550188],[-72.460167,-39.550208],[-72.460202,-39.550209],[-72.460201,-39.550229],[-72.460236,-39.55023],[-72.460236,-39.55025],[-72.46027,-39.550251],[-72.46027,-39.550271],[-72.460305,-39.550272],[-72.460304,-39.550293],[-72.460339,-39.550293],[-72.460338,-39.550314],[-72.460373,-39.550314],[-72.460372,-39.550335],[-72.460407,-39.550336],[-72.460406,-39.550356],[-72.460441,-39.550357],[-72.46044,-39.550377],[-72.460475,-39.550378],[-72.460475,-39.550398],[-72.460509,-39.550399],[-72.460509,-39.550419],[-72.460544,-39.55042],[-72.460543,-39.550441],[-72.460578,-39.550441],[-72.460577,-39.550462],[-72.460612,-39.550462],[-72.460611,-39.550483],[-72.460646,-39.550484],[-72.460645,-39.550504],[-72.46068,-39.550505],[-72.460679,-39.550525],[-72.460714,-39.550526],[-72.460714,-39.550546],[-72.460748,-39.550547],[-72.460748,-39.550567],[-72.460783,-39.550568],[-72.460782,-39.550589],[-72.460817,-39.550589],[-72.460816,-39.55061],[-72.460851,-39.55061],[-72.46085,-39.550631],[-72.460885,-39.550632],[-72.460884,-39.550653],[-72.460919,-39.550654],[-72.460918,-39.550675],[-72.460953,-39.550676],[-72.460952,-39.550696],[-72.460987,-39.550697],[-72.460987,-39.550718],[-72.461021,-39.550719],[-72.461021,-39.55074],[-72.461056,-39.550741],[-72.461055,-39.550761],[-72.46109,-39.550762],[-72.461089,-39.550783],[-72.461124,-39.550784],[-72.461123,-39.550805],[-72.461158,-39.550806],[-72.461157,-39.550826],[-72.461192,-39.550827],[-72.461191,-39.550848],[-72.461226,-39.550849],[-72.461225,-39.55087],[-72.46126,-39.550871],[-72.46126,-39.550892],[-72.461294,-39.550892],[-72.461294,-39.550913],[-72.461329,-39.550914],[-72.461328,-39.550935],[-72.461363,-39.550936],[-72.461362,-39.550957],[-72.461397,-39.550957],[-72.461396,-39.550978],[-72.461431,-39.550979],[-72.46143,-39.551],[-72.461465,-39.551001],[-72.461464,-39.551022],[-72.461499,-39.551023],[-72.461498,-39.551044],[-72.461533,-39.551045],[-72.461532,-39.551066],[-72.461567,-39.551067],[-72.461567,-39.551088],[-72.461601,-39.551089],[-72.461601,-39.55111],[-72.461636,-39.551111],[-72.461635,-39.551132],[-72.46167,-39.551133],[-72.461669,-39.551154],[-72.461704,-39.551155],[-72.461703,-39.551176],[-72.461738,-39.551177],[-72.461737,-39.551198],[-72.461772,-39.551199],[-72.461862,-39.548722]]],[[[-72.459657,-39.547937],[-72.459656,-39.547947],[-72.459621,-39.547946],[-72.459621,-39.547956],[-72.459446,-39.547979],[-72.459445,-39.547993],[-72.459166,-39.547993],[-72.458957,-39.547969],[-72.458958,-39.547957],[-72.458888,-39.547954],[-72.458194,-39.547839],[-72.457777,-39.547799],[-72.457776,-39.547818],[-72.457741,-39.547817],[-72.45774,-39.547835],[-72.457706,-39.547834],[-72.457705,-39.547853],[-72.45767,-39.547852],[-72.457669,-39.54787],[-72.457634,-39.54787],[-72.457634,-39.547888],[-72.457599,-39.547887],[-72.457598,-39.547908],[-72.457563,-39.547907],[-72.457562,-39.547928],[-72.457528,-39.547927],[-72.457527,-39.547947],[-72.457492,-39.547947],[-72.457491,-39.547967],[-72.457456,-39.547967],[-72.457456,-39.547987],[-72.457421,-39.547986],[-72.45742,-39.548007],[-72.457385,-39.548006],[-72.457384,-39.548027],[-72.457349,-39.548026],[-72.457349,-39.548047],[-72.457314,-39.548046],[-72.457313,-39.548067],[-72.457278,-39.548066],[-72.457277,-39.548087],[-72.457243,-39.548086],[-72.457242,-39.548107],[-72.457207,-39.548106],[-72.457199,-39.54831],[-72.457234,-39.548311],[-72.457233,-39.548338],[-72.457268,-39.548339],[-72.457267,-39.548359],[-72.457302,-39.54836],[-72.457302,-39.548381],[-72.457336,-39.548381],[-72.457336,-39.548402],[-72.457371,-39.548403],[-72.45737,-39.548423],[-72.457405,-39.548424],[-72.457404,-39.548444],[-72.457439,-39.548445],[-72.457438,-39.548466],[-72.457473,-39.548467],[-72.457472,-39.548487],[-72.457507,-39.548488],[-72.457506,-39.548508],[-72.457541,-39.548509],[-72.457541,-39.54853],[-72.457575,-39.54853],[-72.457575,-39.548551],[-72.45761,-39.548552],[-72.457609,-39.54857],[-72.457644,-39.548571],[-72.457643,-39.548592],[-72.457678,-39.548592],[-72.457677,-39.548613],[-72.457712,-39.548614],[-72.457711,-39.548635],[-72.457746,-39.548636],[-72.457745,-39.548657],[-72.45778,-39.548657],[-72.457779,-39.548678],[-72.457814,-39.548679],[-72.457814,-39.5487],[-72.457848,-39.548701],[-72.457848,-39.548722],[-72.457883,-39.548722],[-72.457882,-39.548743],[-72.457917,-39.548744],[-72.457916,-39.548765],[-72.457951,-39.548766],[-72.45795,-39.548786],[-72.457985,-39.548787],[-72.457984,-39.548808],[-72.458019,-39.548809],[-72.458018,-39.54883],[-72.458053,-39.548831],[-72.458052,-39.548851],[-72.458087,-39.548852],[-72.458087,-39.548873],[-72.458121,-39.548874],[-72.458121,-39.548895],[-72.458156,-39.548895],[-72.458155,-39.548916],[-72.45819,-39.548917],[-72.458189,-39.548938],[-72.458224,-39.548939],[-72.458223,-39.54896],[-72.458258,-39.54896],[-72.458257,-39.548981],[-72.458292,-39.548982],[-72.458291,-39.549003],[-72.458326,-39.549004],[-72.458325,-39.549025],[-72.45836,-39.549025],[-72.458359,-39.549046],[-72.458394,-39.549047],[-72.458394,-39.549068],[-72.458428,-39.549069],[-72.458428,-39.54909],[-72.458463,-39.54909],[-72.458462,-39.549111],[-72.458497,-39.549112],[-72.458496,-39.549133],[-72.458531,-39.549134],[-72.45853,-39.549155],[-72.458565,-39.549155],[-72.458564,-39.549176],[-72.458599,-39.549177],[-72.458598,-39.549198],[-72.458633,-39.549199],[-72.458632,-39.549219],[-72.458667,-39.54922],[-72.458667,-39.549241],[-72.458701,-39.549242],[-72.458701,-39.549263],[-72.458736,-39.549264],[-72.458735,-39.549284],[-72.45877,-39.549285],[-72.458769,-39.549306],[-72.458804,-39.549307],[-72.458803,-39.549328],[-72.458838,-39.549328],[-72.458837,-39.549349],[-72.458872,-39.54935],[-72.458871,-39.549371],[-72.458906,-39.549372],[-72.458905,-39.549393],[-72.45894,-39.549393],[-72.45894,-39.549414],[-72.458974,-39.549415],[-72.458975,-39.549406],[-72.45901,-39.549407],[-72.45901,-39.549387],[-72.459045,-39.549388],[-72.459046,-39.549368],[-72.459081,-39.549368],[-72.459082,-39.549346],[-72.459117,-39.549346],[-72.459117,-39.549324],[-72.459152,-39.549324],[-72.459153,-39.549302],[-72.459188,-39.549302],[-72.459189,-39.54928],[-72.459224,-39.54928],[-72.459225,-39.549258],[-72.459259,-39.549258],[-72.45926,-39.549236],[-72.459295,-39.549236],[-72.459296,-39.549214],[-72.459331,-39.549214],[-72.459332,-39.549192],[-72.459367,-39.549193],[-72.459367,-39.549171],[-72.459402,-39.549172],[-72.459403,-39.549149],[-72.459438,-39.54915],[-72.459439,-39.549128],[-72.459474,-39.549129],[-72.459474,-39.549107],[-72.459509,-39.549107],[-72.45951,-39.549085],[-72.459545,-39.549086],[-72.459546,-39.549064],[-72.459581,-39.549064],[-72.459582,-39.54904],[-72.459616,-39.549041],[-72.459617,-39.549017],[-72.459652,-39.549018],[-72.459692,-39.547937],[-72.459657,-39.547937]]]]}},{"type":"Feature","properties":{"id":"E1-S8","nombre":"Equipo 1 · Sector 8","layer":"sector","sector":"Sector 8","equipo_riego":"Equipo 1","equipo_id":1,"hectareas":5.84,"hileras":78,"etiquetas_plano":"8-1-S, 8-1-N","color":"#414141"},"geometry":{"type":"MultiPolygon","coordinates":[[[[-72.466717,-39.548674],[-72.466019,-39.548656],[-72.465495,-39.548658],[-72.465365,-39.552243],[-72.465645,-39.552213],[-72.465645,-39.552207],[-72.465961,-39.552167],[-72.465961,-39.55216],[-72.466452,-39.552094],[-72.466453,-39.552084],[-72.466488,-39.552085],[-72.466488,-39.552075],[-72.466523,-39.552076],[-72.466523,-39.552066],[-72.466558,-39.552066],[-72.466559,-39.552056],[-72.466593,-39.552056],[-72.466717,-39.548674]]],[[[-72.466735,-39.547203],[-72.466737,-39.547164],[-72.466702,-39.547164],[-72.466703,-39.547126],[-72.466668,-39.547125],[-72.46667,-39.547086],[-72.466635,-39.547085],[-72.466636,-39.547046],[-72.466601,-39.547045],[-72.466603,-39.547006],[-72.466568,-39.547005],[-72.466569,-39.546978],[-72.466534,-39.546978],[-72.466535,-39.546959],[-72.466465,-39.546948],[-72.466465,-39.546958],[-72.46643,-39.546957],[-72.46643,-39.546967],[-72.466395,-39.546966],[-72.466394,-39.546976],[-72.466359,-39.546975],[-72.466359,-39.546985],[-72.466289,-39.546992],[-72.466289,-39.547006],[-72.466254,-39.547005],[-72.466253,-39.54702],[-72.466218,-39.547019],[-72.466218,-39.547033],[-72.466183,-39.547033],[-72.466182,-39.547047],[-72.466147,-39.547046],[-72.466147,-39.547061],[-72.466112,-39.54706],[-72.466111,-39.547074],[-72.466077,-39.547074],[-72.466076,-39.547088],[-72.466041,-39.547087],[-72.466041,-39.547102],[-72.466006,-39.547101],[-72.466005,-39.547115],[-72.46597,-39.547115],[-72.46597,-39.547129],[-72.465935,-39.547128],[-72.465934,-39.547143],[-72.4659,-39.547142],[-72.465899,-39.547157],[-72.465864,-39.547157],[-72.465863,-39.547177],[-72.465829,-39.547176],[-72.465828,-39.547202],[-72.465793,-39.547201],[-72.465792,-39.547226],[-72.465757,-39.547225],[-72.465756,-39.54725],[-72.465721,-39.547249],[-72.46572,-39.547274],[-72.465685,-39.547273],[-72.465684,-39.547298],[-72.46565,-39.547298],[-72.465649,-39.547323],[-72.465614,-39.547322],[-72.465613,-39.547347],[-72.465578,-39.547346],[-72.465577,-39.547371],[-72.465542,-39.54737],[-72.465541,-39.547395],[-72.465506,-39.547395],[-72.465505,-39.54742],[-72.465471,-39.547419],[-72.46547,-39.547444],[-72.465435,-39.547443],[-72.465434,-39.547468],[-72.465399,-39.547467],[-72.465398,-39.547493],[-72.465363,-39.547492],[-72.465362,-39.547518],[-72.465327,-39.547517],[-72.465326,-39.547542],[-72.465292,-39.547542],[-72.465291,-39.547567],[-72.465256,-39.547566],[-72.465244,-39.547876],[-72.465279,-39.547877],[-72.465278,-39.547912],[-72.465313,-39.547912],[-72.465312,-39.547947],[-72.465347,-39.547948],[-72.465345,-39.547982],[-72.46538,-39.547983],[-72.465379,-39.548018],[-72.465414,-39.548019],[-72.465413,-39.548053],[-72.465447,-39.548054],[-72.465446,-39.548088],[-72.465481,-39.548089],[-72.46548,-39.548124],[-72.465515,-39.548125],[-72.465513,-39.548159],[-72.465548,-39.54816],[-72.465547,-39.548195],[-72.465582,-39.548195],[-72.465581,-39.54823],[-72.465616,-39.548231],[-72.465614,-39.548264],[-72.465649,-39.548265],[-72.465648,-39.548299],[-72.465683,-39.5483],[-72.465682,-39.548333],[-72.465717,-39.548334],[-72.465715,-39.548368],[-72.46575,-39.548369],[-72.465749,-39.548401],[-72.465784,-39.548402],[-72.465783,-39.548435],[-72.465818,-39.548436],[-72.465816,-39.548471],[-72.465851,-39.548472],[-72.465848,-39.54856],[-72.46672,-39.548582],[-72.46677,-39.547204],[-72.466735,-39.547203]]]]}},{"type":"Feature","properties":{"id":"E1-S9","nombre":"Equipo 1 · Sector 9","layer":"sector","sector":"Sector 9","equipo_riego":"Equipo 1","equipo_id":1,"hectareas":5.89,"hileras":48,"etiquetas_plano":"9-1","color":"#aabfff"},"geometry":{"type":"Polygon","coordinates":[[[-72.465365,-39.552249],[-72.465495,-39.54866],[-72.463818,-39.548704],[-72.46368,-39.552492],[-72.46382,-39.552487],[-72.46382,-39.55248],[-72.463855,-39.552481],[-72.463855,-39.552474],[-72.46389,-39.552475],[-72.46389,-39.552468],[-72.463925,-39.552469],[-72.463925,-39.552462],[-72.46396,-39.552463],[-72.463961,-39.552456],[-72.463995,-39.552456],[-72.463996,-39.552449],[-72.464031,-39.55245],[-72.464031,-39.552442],[-72.464066,-39.552443],[-72.464066,-39.552435],[-72.464101,-39.552436],[-72.464101,-39.552428],[-72.464136,-39.552429],[-72.464136,-39.552422],[-72.464171,-39.552422],[-72.464172,-39.552415],[-72.464206,-39.552416],[-72.464207,-39.552408],[-72.464242,-39.552409],[-72.464242,-39.552401],[-72.464277,-39.552402],[-72.464277,-39.552394],[-72.464312,-39.552395],[-72.464312,-39.552388],[-72.464347,-39.552389],[-72.464347,-39.552381],[-72.464452,-39.552369],[-72.464453,-39.552361],[-72.464488,-39.552362],[-72.464488,-39.552355],[-72.464523,-39.552355],[-72.464523,-39.552348],[-72.464558,-39.552349],[-72.464558,-39.552341],[-72.464593,-39.552342],[-72.464593,-39.552335],[-72.464628,-39.552335],[-72.464629,-39.552328],[-72.465365,-39.552249]]]}},{"type":"Feature","properties":{"id":"E1-S10","nombre":"Equipo 1 · Sector 10","layer":"sector","sector":"Sector 10","equipo_riego":"Equipo 1","equipo_id":1,"hectareas":5.85,"hileras":56,"etiquetas_plano":"10-1","color":"#00ff00"},"geometry":{"type":"Polygon","coordinates":[[[-72.463818,-39.548706],[-72.463014,-39.548733],[-72.461862,-39.548721],[-72.461771,-39.55122],[-72.461806,-39.551221],[-72.461805,-39.551242],[-72.46184,-39.551243],[-72.461839,-39.551264],[-72.461874,-39.551265],[-72.461874,-39.551286],[-72.461908,-39.551287],[-72.461908,-39.551308],[-72.461943,-39.551309],[-72.461942,-39.55133],[-72.461977,-39.551331],[-72.461976,-39.551352],[-72.462011,-39.551353],[-72.46201,-39.55138],[-72.462045,-39.551381],[-72.462044,-39.551407],[-72.462079,-39.551408],[-72.462078,-39.55143],[-72.462113,-39.551431],[-72.462112,-39.551453],[-72.462147,-39.551454],[-72.462146,-39.551476],[-72.462181,-39.551477],[-72.46218,-39.551499],[-72.462215,-39.5515],[-72.462214,-39.551522],[-72.462249,-39.551523],[-72.462248,-39.551545],[-72.462283,-39.551546],[-72.462282,-39.551569],[-72.462317,-39.551569],[-72.462316,-39.551592],[-72.462351,-39.551592],[-72.46235,-39.551615],[-72.462385,-39.551615],[-72.462384,-39.551638],[-72.462419,-39.551639],[-72.462418,-39.551661],[-72.462453,-39.551662],[-72.462453,-39.551684],[-72.462487,-39.551685],[-72.462487,-39.551707],[-72.462522,-39.551708],[-72.462521,-39.55173],[-72.462556,-39.551731],[-72.462555,-39.551753],[-72.46259,-39.551754],[-72.462589,-39.551776],[-72.462624,-39.551777],[-72.462623,-39.551799],[-72.462658,-39.5518],[-72.462657,-39.551822],[-72.462692,-39.551823],[-72.462691,-39.551845],[-72.462726,-39.551846],[-72.462725,-39.551868],[-72.46276,-39.551869],[-72.462759,-39.551892],[-72.462794,-39.551892],[-72.462793,-39.551915],[-72.462828,-39.551915],[-72.462827,-39.551938],[-72.462862,-39.551938],[-72.462861,-39.551961],[-72.462896,-39.551962],[-72.462895,-39.551984],[-72.46293,-39.551985],[-72.46293,-39.552007],[-72.462964,-39.552008],[-72.462964,-39.55203],[-72.462999,-39.552031],[-72.462998,-39.552053],[-72.463033,-39.552054],[-72.463032,-39.552076],[-72.463067,-39.552077],[-72.463066,-39.552099],[-72.463101,-39.5521],[-72.4631,-39.552122],[-72.463135,-39.552123],[-72.463134,-39.552145],[-72.463169,-39.552146],[-72.463168,-39.552169],[-72.463203,-39.552169],[-72.463202,-39.552192],[-72.463237,-39.552192],[-72.463236,-39.552215],[-72.463271,-39.552215],[-72.46327,-39.552238],[-72.463305,-39.552239],[-72.463304,-39.552261],[-72.463339,-39.552262],[-72.463338,-39.552284],[-72.463373,-39.552285],[-72.463372,-39.552307],[-72.463407,-39.552308],[-72.463407,-39.55233],[-72.463441,-39.552331],[-72.463441,-39.552353],[-72.463475,-39.552354],[-72.463475,-39.552376],[-72.46351,-39.552377],[-72.463509,-39.552399],[-72.463544,-39.5524],[-72.463543,-39.552422],[-72.463578,-39.552423],[-72.463577,-39.552445],[-72.463612,-39.552446],[-72.463611,-39.552468],[-72.463646,-39.552469],[-72.463645,-39.55249],[-72.46368,-39.552491],[-72.463818,-39.548706]]]}},{"type":"Feature","properties":{"id":"E2-S1","nombre":"Equipo 2 · Sector 1","layer":"sector","sector":"Sector 1","equipo_riego":"Equipo 2","equipo_id":2,"hectareas":6.31,"hileras":74,"etiquetas_plano":"1-2","color":"#ff0000"},"geometry":{"type":"Polygon","coordinates":[[[-72.472075,-39.545321],[-72.469668,-39.54527],[-72.469668,-39.545278],[-72.469633,-39.545277],[-72.469632,-39.545289],[-72.469598,-39.545288],[-72.469597,-39.545306],[-72.469562,-39.545305],[-72.469561,-39.545335],[-72.469526,-39.545334],[-72.469525,-39.545364],[-72.46949,-39.545363],[-72.469466,-39.546017],[-72.469988,-39.546074],[-72.469986,-39.546127],[-72.470021,-39.546127],[-72.470021,-39.546113],[-72.470056,-39.546114],[-72.470057,-39.546096],[-72.470092,-39.546097],[-72.470092,-39.546089],[-72.470127,-39.546087],[-72.470232,-39.546091],[-72.470231,-39.5461],[-72.470266,-39.546101],[-72.470266,-39.546111],[-72.470301,-39.546111],[-72.4703,-39.54613],[-72.470405,-39.546134],[-72.470398,-39.546328],[-72.470258,-39.546316],[-72.470173,-39.548659],[-72.471952,-39.548698],[-72.472075,-39.545321]]]}},{"type":"Feature","properties":{"id":"E2-S2","nombre":"Equipo 2 · Sector 2","layer":"sector","sector":"Sector 2","equipo_riego":"Equipo 2","equipo_id":2,"hectareas":5.61,"hileras":99,"etiquetas_plano":"2-2","color":"#bf00ff"},"geometry":{"type":"Polygon","coordinates":[[[-72.470259,-39.546312],[-72.470189,-39.5463],[-72.470084,-39.5463],[-72.470085,-39.54629],[-72.47005,-39.546289],[-72.47005,-39.546273],[-72.470016,-39.546272],[-72.470016,-39.546253],[-72.469981,-39.546252],[-72.469988,-39.546074],[-72.469466,-39.546017],[-72.469448,-39.546526],[-72.469413,-39.546525],[-72.469412,-39.546543],[-72.469377,-39.546542],[-72.469377,-39.546559],[-72.469342,-39.546558],[-72.469341,-39.546575],[-72.469306,-39.546575],[-72.469306,-39.546592],[-72.469271,-39.546591],[-72.46927,-39.54661],[-72.469235,-39.546609],[-72.469233,-39.546668],[-72.469198,-39.546667],[-72.469196,-39.54672],[-72.469162,-39.546719],[-72.469161,-39.546737],[-72.469056,-39.54674],[-72.469055,-39.54676],[-72.468986,-39.546759],[-72.468986,-39.54675],[-72.468951,-39.54675],[-72.468951,-39.546761],[-72.468916,-39.546761],[-72.468915,-39.546779],[-72.46888,-39.546778],[-72.468879,-39.546796],[-72.468845,-39.546795],[-72.468844,-39.546813],[-72.468809,-39.546812],[-72.468808,-39.54683],[-72.468774,-39.546829],[-72.468773,-39.546847],[-72.468738,-39.546846],[-72.468737,-39.546864],[-72.468702,-39.546863],[-72.468702,-39.546881],[-72.468667,-39.546881],[-72.468666,-39.546898],[-72.468631,-39.546898],[-72.468631,-39.546916],[-72.468596,-39.546915],[-72.468595,-39.546933],[-72.46856,-39.546932],[-72.46856,-39.54695],[-72.468525,-39.546949],[-72.468524,-39.546967],[-72.468489,-39.546966],[-72.468489,-39.546983],[-72.468454,-39.546983],[-72.468453,-39.547],[-72.468418,-39.546999],[-72.468418,-39.547017],[-72.468383,-39.547016],[-72.468382,-39.547033],[-72.468347,-39.547033],[-72.468347,-39.54705],[-72.468312,-39.547049],[-72.468311,-39.547067],[-72.468276,-39.547066],[-72.468276,-39.547083],[-72.468241,-39.547083],[-72.468237,-39.54719],[-72.468202,-39.547189],[-72.468201,-39.547202],[-72.468097,-39.547198],[-72.468097,-39.547182],[-72.468027,-39.547187],[-72.468027,-39.547205],[-72.467992,-39.547205],[-72.467991,-39.547222],[-72.467956,-39.547221],[-72.467956,-39.547238],[-72.467921,-39.547238],[-72.46792,-39.547255],[-72.467885,-39.547254],[-72.467885,-39.547271],[-72.46785,-39.54727],[-72.467849,-39.547287],[-72.467814,-39.547287],[-72.467814,-39.547304],[-72.467779,-39.547303],[-72.467778,-39.54732],[-72.467743,-39.547319],[-72.467743,-39.547338],[-72.467708,-39.547337],[-72.467707,-39.547354],[-72.467672,-39.547353],[-72.467672,-39.547371],[-72.467637,-39.54737],[-72.467636,-39.547388],[-72.467601,-39.547387],[-72.467601,-39.547405],[-72.467566,-39.547405],[-72.467565,-39.547423],[-72.46753,-39.547422],[-72.467529,-39.54744],[-72.467495,-39.547439],[-72.467494,-39.547457],[-72.467459,-39.547456],[-72.467458,-39.547474],[-72.467424,-39.547473],[-72.467423,-39.547491],[-72.467388,-39.547491],[-72.467387,-39.547508],[-72.467352,-39.547508],[-72.467349,-39.547614],[-72.467314,-39.547613],[-72.467313,-39.547632],[-72.467278,-39.547631],[-72.467277,-39.54765],[-72.467243,-39.547649],[-72.467242,-39.547666],[-72.467207,-39.547665],[-72.467206,-39.547682],[-72.467172,-39.547681],[-72.467171,-39.547698],[-72.467066,-39.5477],[-72.467067,-39.547683],[-72.467032,-39.547682],[-72.467033,-39.547666],[-72.466998,-39.547665],[-72.467004,-39.547481],[-72.466969,-39.54748],[-72.466971,-39.547442],[-72.466936,-39.547441],[-72.466937,-39.547402],[-72.466903,-39.547401],[-72.466904,-39.547363],[-72.466869,-39.547362],[-72.46687,-39.547324],[-72.466836,-39.547323],[-72.466837,-39.547285],[-72.466802,-39.547284],[-72.466803,-39.547246],[-72.466769,-39.547245],[-72.46672,-39.548582],[-72.467487,-39.548599],[-72.467496,-39.548357],[-72.467391,-39.548362],[-72.467401,-39.548092],[-72.467436,-39.548093],[-72.467436,-39.548082],[-72.467471,-39.548083],[-72.467472,-39.548072],[-72.467576,-39.548073],[-72.467576,-39.548087],[-72.467611,-39.548087],[-72.467609,-39.548121],[-72.467644,-39.548122],[-72.467638,-39.548299],[-72.467603,-39.548298],[-72.467602,-39.548315],[-72.467567,-39.548314],[-72.467557,-39.548603],[-72.470173,-39.548659],[-72.470259,-39.546312]]]}},{"type":"Feature","properties":{"id":"E2-S3","nombre":"Equipo 2 · Sector 3","layer":"sector","sector":"Sector 3","equipo_riego":"Equipo 2","equipo_id":2,"hectareas":6.43,"hileras":58,"etiquetas_plano":"3-2","color":"#ffd4aa"},"geometry":{"type":"Polygon","coordinates":[[[-72.470065,-39.548751],[-72.469542,-39.548734],[-72.468042,-39.548706],[-72.467928,-39.55184],[-72.468032,-39.551848],[-72.468032,-39.551856],[-72.468067,-39.551857],[-72.468067,-39.551865],[-72.468102,-39.551866],[-72.468101,-39.551874],[-72.468136,-39.551875],[-72.468136,-39.551888],[-72.468171,-39.551889],[-72.46817,-39.551902],[-72.468205,-39.551902],[-72.468205,-39.551915],[-72.468239,-39.551916],[-72.468239,-39.551929],[-72.468274,-39.55193],[-72.468273,-39.551943],[-72.468308,-39.551944],[-72.468308,-39.551956],[-72.468343,-39.551957],[-72.468342,-39.55197],[-72.468377,-39.551971],[-72.468377,-39.551984],[-72.468412,-39.551985],[-72.468411,-39.551997],[-72.468759,-39.552037],[-72.468758,-39.552045],[-72.468793,-39.552046],[-72.468793,-39.552054],[-72.468828,-39.552055],[-72.468828,-39.552063],[-72.468862,-39.552064],[-72.468862,-39.552072],[-72.468897,-39.552073],[-72.468897,-39.552081],[-72.468932,-39.552082],[-72.468931,-39.552091],[-72.468966,-39.552092],[-72.468966,-39.5521],[-72.469001,-39.552101],[-72.469001,-39.552107],[-72.469035,-39.552108],[-72.469035,-39.552114],[-72.46907,-39.552115],[-72.46907,-39.552121],[-72.469105,-39.552122],[-72.469105,-39.552128],[-72.469139,-39.552129],[-72.469139,-39.552135],[-72.469209,-39.552142],[-72.469209,-39.552148],[-72.469417,-39.552165],[-72.469627,-39.552164],[-72.469627,-39.552158],[-72.469697,-39.552153],[-72.469697,-39.552144],[-72.469732,-39.552145],[-72.469733,-39.552134],[-72.469768,-39.552134],[-72.469768,-39.552121],[-72.469803,-39.552122],[-72.469803,-39.552109],[-72.469838,-39.552109],[-72.469839,-39.552096],[-72.469874,-39.552097],[-72.469874,-39.552084],[-72.469909,-39.552084],[-72.46991,-39.552071],[-72.469944,-39.552072],[-72.470065,-39.548751]]]}},{"type":"Feature","properties":{"id":"E2-S4","nombre":"Equipo 2 · Sector 4","layer":"sector","sector":"Sector 4","equipo_riego":"Equipo 2","equipo_id":2,"hectareas":6.11,"hileras":97,"etiquetas_plano":"4-2, 4-2","color":"#adbd7e"},"geometry":{"type":"MultiPolygon","coordinates":[[[[-72.467754,-39.551831],[-72.467928,-39.551837],[-72.468042,-39.548706],[-72.466717,-39.548674],[-72.466594,-39.552044],[-72.466629,-39.552045],[-72.466629,-39.552032],[-72.466664,-39.552033],[-72.466665,-39.552021],[-72.466699,-39.552022],[-72.4667,-39.552009],[-72.466735,-39.55201],[-72.466735,-39.551998],[-72.46677,-39.551998],[-72.466771,-39.551986],[-72.466805,-39.551987],[-72.466806,-39.551974],[-72.466841,-39.551975],[-72.466841,-39.551963],[-72.466876,-39.551964],[-72.466877,-39.551953],[-72.466911,-39.551954],[-72.466912,-39.551947],[-72.466947,-39.551948],[-72.466947,-39.551941],[-72.466982,-39.551942],[-72.466982,-39.551935],[-72.467017,-39.551936],[-72.467017,-39.551929],[-72.467052,-39.55193],[-72.467052,-39.551923],[-72.467087,-39.551924],[-72.467087,-39.551917],[-72.467122,-39.551918],[-72.467122,-39.551911],[-72.467263,-39.551895],[-72.467263,-39.551888],[-72.467298,-39.551889],[-72.467298,-39.551883],[-72.467333,-39.551883],[-72.467333,-39.551877],[-72.467368,-39.551878],[-72.467368,-39.551871],[-72.467403,-39.551872],[-72.467403,-39.551865],[-72.467438,-39.551866],[-72.467439,-39.55186],[-72.467473,-39.55186],[-72.467474,-39.551854],[-72.467509,-39.551855],[-72.467509,-39.551848],[-72.467544,-39.551849],[-72.467544,-39.551842],[-72.467579,-39.551843],[-72.467579,-39.551837],[-72.467754,-39.551831]]],[[[-72.46643,-39.552724],[-72.466429,-39.552735],[-72.466394,-39.552734],[-72.466394,-39.552745],[-72.466359,-39.552744],[-72.466359,-39.552752],[-72.466324,-39.552752],[-72.466324,-39.55276],[-72.465975,-39.552755],[-72.465974,-39.552774],[-72.465939,-39.552773],[-72.465938,-39.552792],[-72.465903,-39.552791],[-72.465903,-39.552815],[-72.465868,-39.552815],[-72.465867,-39.552838],[-72.465832,-39.552838],[-72.465831,-39.552861],[-72.465796,-39.552861],[-72.465795,-39.552883],[-72.46576,-39.552882],[-72.46576,-39.552899],[-72.465725,-39.552898],[-72.465724,-39.552913],[-72.465655,-39.552911],[-72.465655,-39.552898],[-72.46562,-39.552897],[-72.465621,-39.552884],[-72.465586,-39.552883],[-72.465586,-39.55287],[-72.465551,-39.552869],[-72.465552,-39.552856],[-72.465517,-39.552856],[-72.465517,-39.552846],[-72.465482,-39.552845],[-72.465483,-39.552836],[-72.465448,-39.552835],[-72.465448,-39.552825],[-72.465413,-39.552824],[-72.465414,-39.552815],[-72.465379,-39.552814],[-72.465379,-39.552805],[-72.465344,-39.552804],[-72.465345,-39.552794],[-72.46531,-39.552794],[-72.46531,-39.552784],[-72.465275,-39.552784],[-72.465276,-39.552775],[-72.465241,-39.552774],[-72.465241,-39.552766],[-72.465206,-39.552765],[-72.465206,-39.552756],[-72.465172,-39.552755],[-72.465172,-39.552747],[-72.465102,-39.552737],[-72.465103,-39.552728],[-72.465033,-39.552721],[-72.464963,-39.552723],[-72.464963,-39.552729],[-72.464928,-39.552729],[-72.464928,-39.552735],[-72.464823,-39.552744],[-72.464823,-39.552752],[-72.464788,-39.552751],[-72.464787,-39.552762],[-72.464717,-39.552771],[-72.464717,-39.552782],[-72.464682,-39.552782],[-72.464681,-39.552793],[-72.464647,-39.552792],[-72.464646,-39.552804],[-72.464611,-39.552803],[-72.464611,-39.552815],[-72.464576,-39.552814],[-72.464575,-39.55283],[-72.46454,-39.552829],[-72.46454,-39.552844],[-72.464505,-39.552843],[-72.464504,-39.552859],[-72.46447,-39.552858],[-72.464469,-39.552873],[-72.464434,-39.552872],[-72.464434,-39.552886],[-72.4644,-39.552886],[-72.464392,-39.553099],[-72.464426,-39.5531],[-72.464425,-39.553125],[-72.46446,-39.553126],[-72.464459,-39.553151],[-72.464494,-39.553151],[-72.464493,-39.553176],[-72.464528,-39.553177],[-72.464527,-39.553202],[-72.464562,-39.553202],[-72.464561,-39.553227],[-72.464596,-39.553228],[-72.464595,-39.553253],[-72.46463,-39.553254],[-72.464629,-39.553278],[-72.464664,-39.553279],[-72.464663,-39.553304],[-72.464698,-39.553305],[-72.464697,-39.553329],[-72.464732,-39.55333],[-72.464731,-39.553355],[-72.464766,-39.553356],[-72.464765,-39.553381],[-72.4648,-39.553381],[-72.464799,-39.553406],[-72.464834,-39.553407],[-72.464833,-39.553432],[-72.464868,-39.553432],[-72.464867,-39.553457],[-72.464902,-39.553458],[-72.464901,-39.553482],[-72.464936,-39.553483],[-72.464935,-39.553508],[-72.46497,-39.553508],[-72.464969,-39.553533],[-72.465004,-39.553534],[-72.465003,-39.553558],[-72.465038,-39.553559],[-72.465037,-39.553584],[-72.465072,-39.553584],[-72.465071,-39.553609],[-72.465106,-39.55361],[-72.465105,-39.553634],[-72.46514,-39.553635],[-72.465139,-39.55366],[-72.465174,-39.55366],[-72.465173,-39.553685],[-72.465207,-39.553686],[-72.465207,-39.55371],[-72.465241,-39.553711],[-72.465241,-39.553736],[-72.465275,-39.553736],[-72.465275,-39.553761],[-72.465309,-39.553762],[-72.465309,-39.553786],[-72.465343,-39.553787],[-72.465343,-39.553812],[-72.465377,-39.553812],[-72.465377,-39.553837],[-72.465411,-39.553838],[-72.465411,-39.553863],[-72.465445,-39.553863],[-72.465444,-39.553889],[-72.465479,-39.55389],[-72.465478,-39.553915],[-72.465513,-39.553916],[-72.465512,-39.553942],[-72.465547,-39.553942],[-72.465546,-39.553968],[-72.465581,-39.553969],[-72.46558,-39.553994],[-72.465615,-39.553995],[-72.465614,-39.554021],[-72.465649,-39.554021],[-72.465648,-39.554047],[-72.465683,-39.554048],[-72.465682,-39.554073],[-72.465717,-39.554074],[-72.465716,-39.5541],[-72.465751,-39.5541],[-72.46575,-39.554126],[-72.465785,-39.554127],[-72.465784,-39.554152],[-72.465819,-39.554153],[-72.465818,-39.554178],[-72.465853,-39.554179],[-72.465852,-39.554203],[-72.465887,-39.554204],[-72.465886,-39.554227],[-72.465921,-39.554228],[-72.46592,-39.554251],[-72.465955,-39.554252],[-72.465954,-39.554276],[-72.465989,-39.554276],[-72.465988,-39.5543],[-72.466023,-39.554301],[-72.466022,-39.554324],[-72.466057,-39.554325],[-72.466056,-39.554349],[-72.466091,-39.554349],[-72.46609,-39.554373],[-72.466125,-39.554374],[-72.466124,-39.554398],[-72.466159,-39.554398],[-72.466158,-39.554421],[-72.466193,-39.554422],[-72.466192,-39.554446],[-72.466402,-39.554426],[-72.466464,-39.552725],[-72.46643,-39.552724]]]]}},{"type":"Feature","properties":{"id":"E2-S5","nombre":"Equipo 2 · Sector 5","layer":"sector","sector":"Sector 5","equipo_riego":"Equipo 2","equipo_id":2,"hectareas":6.22,"hileras":162,"etiquetas_plano":"5-2","color":"#ffaabf"},"geometry":{"type":"Polygon","coordinates":[[[-72.472061,-39.553385],[-72.472062,-39.553371],[-72.472027,-39.553371],[-72.472027,-39.553357],[-72.471993,-39.553357],[-72.471993,-39.553343],[-72.471958,-39.553343],[-72.471958,-39.553332],[-72.471924,-39.553331],[-72.471924,-39.55332],[-72.471889,-39.553319],[-72.47189,-39.553308],[-72.47182,-39.553295],[-72.471821,-39.553278],[-72.471786,-39.553277],[-72.471787,-39.553249],[-72.471752,-39.553248],[-72.471753,-39.55322],[-72.471718,-39.553219],[-72.471719,-39.553193],[-72.471684,-39.553193],[-72.471685,-39.553177],[-72.47165,-39.553177],[-72.47165,-39.553161],[-72.471616,-39.553161],[-72.471616,-39.553145],[-72.471581,-39.553145],[-72.471582,-39.553129],[-72.471547,-39.553129],[-72.471547,-39.553113],[-72.471513,-39.553113],[-72.471513,-39.553099],[-72.471478,-39.553098],[-72.471479,-39.553086],[-72.471444,-39.553086],[-72.471444,-39.553074],[-72.471409,-39.553073],[-72.47141,-39.553062],[-72.471375,-39.553061],[-72.471375,-39.55305],[-72.47134,-39.553049],[-72.471341,-39.553037],[-72.471306,-39.553036],[-72.471306,-39.553025],[-72.471237,-39.553015],[-72.471237,-39.553006],[-72.471202,-39.553005],[-72.471203,-39.552996],[-72.471168,-39.552995],[-72.471168,-39.552986],[-72.471133,-39.552985],[-72.471133,-39.552977],[-72.471099,-39.552976],[-72.471099,-39.552967],[-72.471064,-39.552966],[-72.471064,-39.552957],[-72.471029,-39.552956],[-72.47103,-39.552947],[-72.470995,-39.552947],[-72.470995,-39.552938],[-72.47096,-39.552937],[-72.470961,-39.552928],[-72.470926,-39.552927],[-72.470926,-39.552918],[-72.470891,-39.552918],[-72.470892,-39.552909],[-72.470857,-39.552908],[-72.470857,-39.552899],[-72.470822,-39.552898],[-72.470822,-39.552889],[-72.470788,-39.552889],[-72.470788,-39.55288],[-72.470753,-39.552879],[-72.470753,-39.552869],[-72.470718,-39.552868],[-72.470719,-39.552858],[-72.470684,-39.552857],[-72.470684,-39.552847],[-72.470649,-39.552846],[-72.47065,-39.552836],[-72.470615,-39.552835],[-72.470615,-39.552824],[-72.47058,-39.552824],[-72.470581,-39.552813],[-72.470546,-39.552813],[-72.470546,-39.552802],[-72.470511,-39.552801],[-72.470512,-39.552791],[-72.470477,-39.55279],[-72.470477,-39.55278],[-72.470129,-39.552746],[-72.47013,-39.552737],[-72.470095,-39.552736],[-72.470095,-39.552726],[-72.47006,-39.552726],[-72.470061,-39.552716],[-72.470026,-39.552715],[-72.470026,-39.552706],[-72.469991,-39.552705],[-72.469992,-39.552698],[-72.469644,-39.552651],[-72.469644,-39.552645],[-72.46954,-39.552631],[-72.46954,-39.552625],[-72.469505,-39.552624],[-72.469506,-39.552618],[-72.469436,-39.552611],[-72.469436,-39.552605],[-72.469401,-39.552604],[-72.469402,-39.552598],[-72.469367,-39.552597],[-72.469367,-39.552591],[-72.469332,-39.55259],[-72.469332,-39.552583],[-72.469297,-39.552583],[-72.469298,-39.552576],[-72.469263,-39.552576],[-72.469263,-39.552569],[-72.469228,-39.552569],[-72.469228,-39.552562],[-72.468985,-39.552523],[-72.468672,-39.552495],[-72.468359,-39.552456],[-72.46829,-39.552456],[-72.4678,-39.55249],[-72.467659,-39.552514],[-72.467414,-39.552542],[-72.467413,-39.552548],[-72.467379,-39.552547],[-72.467378,-39.552553],[-72.467343,-39.552552],[-72.467343,-39.552558],[-72.467308,-39.552557],[-72.467308,-39.552563],[-72.467273,-39.552562],[-72.467273,-39.552568],[-72.467238,-39.552568],[-72.467238,-39.552573],[-72.467203,-39.552573],[-72.467203,-39.552578],[-72.466923,-39.552604],[-72.466922,-39.552611],[-72.466888,-39.552611],[-72.466887,-39.552618],[-72.466852,-39.552617],[-72.466852,-39.552625],[-72.466817,-39.552624],[-72.466817,-39.552631],[-72.466782,-39.552631],[-72.466782,-39.55264],[-72.466747,-39.552639],[-72.466747,-39.552648],[-72.466712,-39.552647],[-72.466711,-39.552656],[-72.466676,-39.552656],[-72.466676,-39.552665],[-72.466641,-39.552664],[-72.466641,-39.552674],[-72.466606,-39.552673],[-72.466606,-39.552684],[-72.466571,-39.552683],[-72.46657,-39.552694],[-72.4665,-39.552703],[-72.4665,-39.552714],[-72.466465,-39.552714],[-72.466403,-39.554421],[-72.46756,-39.55429],[-72.46756,-39.554268],[-72.467595,-39.554269],[-72.467601,-39.55411],[-72.467636,-39.554111],[-72.467637,-39.554094],[-72.467671,-39.554095],[-72.467672,-39.554078],[-72.467707,-39.554079],[-72.467707,-39.554063],[-72.467742,-39.554064],[-72.467743,-39.554047],[-72.467778,-39.554048],[-72.467778,-39.554031],[-72.467813,-39.554032],[-72.467814,-39.554016],[-72.467849,-39.554016],[-72.467849,-39.554],[-72.467884,-39.554001],[-72.467885,-39.553984],[-72.46792,-39.553985],[-72.46792,-39.553969],[-72.467955,-39.553969],[-72.467956,-39.553958],[-72.467991,-39.553959],[-72.467991,-39.553951],[-72.468026,-39.553952],[-72.468026,-39.553944],[-72.468096,-39.553938],[-72.468096,-39.55393],[-72.468131,-39.553931],[-72.468132,-39.553923],[-72.468166,-39.553924],[-72.468167,-39.553917],[-72.468202,-39.553917],[-72.468202,-39.55391],[-72.468307,-39.553897],[-72.468307,-39.553888],[-72.468342,-39.553889],[-72.468343,-39.55388],[-72.468377,-39.55388],[-72.468378,-39.553871],[-72.468413,-39.553872],[-72.468413,-39.553862],[-72.468448,-39.553863],[-72.468448,-39.553854],[-72.468483,-39.553855],[-72.468483,-39.553845],[-72.468518,-39.553846],[-72.468519,-39.553837],[-72.468554,-39.553838],[-72.468554,-39.553828],[-72.468589,-39.553829],[-72.468589,-39.55382],[-72.468624,-39.553821],[-72.468624,-39.553811],[-72.468659,-39.553812],[-72.46866,-39.553803],[-72.468694,-39.553803],[-72.468695,-39.553794],[-72.46873,-39.553795],[-72.46873,-39.553788],[-72.469045,-39.553754],[-72.469395,-39.553749],[-72.469882,-39.553782],[-72.470162,-39.553767],[-72.470197,-39.553763],[-72.470198,-39.553753],[-72.470232,-39.553754],[-72.470233,-39.553744],[-72.470268,-39.553745],[-72.470268,-39.553735],[-72.470303,-39.553736],[-72.470303,-39.553726],[-72.470338,-39.553727],[-72.470339,-39.553717],[-72.470373,-39.553718],[-72.470374,-39.553708],[-72.470409,-39.553709],[-72.470409,-39.553702],[-72.470444,-39.553702],[-72.470444,-39.553695],[-72.470549,-39.553683],[-72.470549,-39.553676],[-72.470584,-39.553677],[-72.470585,-39.55367],[-72.470619,-39.553671],[-72.47062,-39.553664],[-72.470725,-39.553652],[-72.470725,-39.553645],[-72.470795,-39.553639],[-72.470796,-39.55363],[-72.47083,-39.553631],[-72.470831,-39.55362],[-72.470866,-39.553621],[-72.470866,-39.55361],[-72.470901,-39.553611],[-72.470901,-39.5536],[-72.470936,-39.553601],[-72.470937,-39.55359],[-72.470972,-39.553591],[-72.470972,-39.55358],[-72.471007,-39.553581],[-72.471007,-39.553571],[-72.471042,-39.553572],[-72.471183,-39.553547],[-72.471531,-39.553559],[-72.471879,-39.553606],[-72.471878,-39.553612],[-72.471948,-39.553619],[-72.471948,-39.553624],[-72.472017,-39.553632],[-72.472052,-39.553643],[-72.472087,-39.553644],[-72.472096,-39.553385],[-72.472061,-39.553385]]]}},{"type":"Feature","properties":{"id":"E2-S6","nombre":"Equipo 2 · Sector 6","layer":"sector","sector":"Sector 6","equipo_riego":"Equipo 2","equipo_id":2,"hectareas":6.29,"hileras":56,"etiquetas_plano":"6-2","color":"#680068"},"geometry":{"type":"Polygon","coordinates":[[[-72.473766,-39.548728],[-72.473906,-39.54874],[-72.474028,-39.545362],[-72.472075,-39.545321],[-72.471952,-39.548698],[-72.473522,-39.548734],[-72.473523,-39.548697],[-72.473558,-39.548697],[-72.473559,-39.548667],[-72.473594,-39.548668],[-72.473595,-39.548652],[-72.473664,-39.548653],[-72.473699,-39.548659],[-72.473699,-39.548676],[-72.473733,-39.548676],[-72.473732,-39.548706],[-72.473767,-39.548706],[-72.473766,-39.548728]]]}},{"type":"Feature","properties":{"id":"E2-S7","nombre":"Equipo 2 · Sector 7","layer":"sector","sector":"Sector 7","equipo_riego":"Equipo 2","equipo_id":2,"hectareas":6.32,"hileras":56,"etiquetas_plano":"7-2","color":"#bdbd00"},"geometry":{"type":"Polygon","coordinates":[[[-72.47386,-39.54896],[-72.473861,-39.548939],[-72.473826,-39.548938],[-72.473827,-39.548917],[-72.473792,-39.548916],[-72.473793,-39.548895],[-72.473758,-39.548894],[-72.473759,-39.548873],[-72.473724,-39.548872],[-72.473725,-39.548851],[-72.47369,-39.54885],[-72.47369,-39.548831],[-72.471981,-39.548794],[-72.471858,-39.552191],[-72.473811,-39.552231],[-72.473929,-39.548983],[-72.473894,-39.548982],[-72.473895,-39.548961],[-72.47386,-39.54896]]]}},{"type":"Feature","properties":{"id":"E2-S8","nombre":"Equipo 2 · Sector 8","layer":"sector","sector":"Sector 8","equipo_riego":"Equipo 2","equipo_id":2,"hectareas":5.74,"hileras":51,"etiquetas_plano":"8-2","color":"#ff007f"},"geometry":{"type":"Polygon","coordinates":[[[-72.470358,-39.552147],[-72.471858,-39.552191],[-72.471981,-39.548794],[-72.470202,-39.548753],[-72.470082,-39.552068],[-72.470117,-39.552068],[-72.470116,-39.55208],[-72.470151,-39.552081],[-72.470151,-39.552093],[-72.470185,-39.552094],[-72.470185,-39.552105],[-72.47022,-39.552106],[-72.47022,-39.552118],[-72.470254,-39.552119],[-72.470254,-39.552127],[-72.470289,-39.552128],[-72.470289,-39.552136],[-72.470358,-39.552147]]]}},{"type":"Feature","properties":{"id":"E2-S9","nombre":"Equipo 2 · Sector 9","layer":"sector","sector":"Sector 9","equipo_riego":"Equipo 2","equipo_id":2,"hectareas":5.69,"hileras":129,"etiquetas_plano":"9-2, 9-2","color":"#eaffaa"},"geometry":{"type":"MultiPolygon","coordinates":[[[[-72.476099,-39.554679],[-72.476134,-39.55468],[-72.476134,-39.554696],[-72.476169,-39.554697],[-72.476168,-39.554712],[-72.476203,-39.554713],[-72.476202,-39.554729],[-72.476237,-39.554729],[-72.476237,-39.554745],[-72.476272,-39.554746],[-72.476271,-39.554761],[-72.476306,-39.554762],[-72.476305,-39.554778],[-72.47634,-39.554779],[-72.47634,-39.554794],[-72.476375,-39.554795],[-72.476374,-39.554811],[-72.476409,-39.554811],[-72.476408,-39.554826],[-72.476443,-39.554827],[-72.476443,-39.554842],[-72.476478,-39.554843],[-72.476567,-39.552386],[-72.47395,-39.552329],[-72.473908,-39.553506],[-72.473942,-39.553506],[-72.473942,-39.553526],[-72.473977,-39.553527],[-72.473976,-39.553546],[-72.474011,-39.553547],[-72.47401,-39.553567],[-72.474045,-39.553568],[-72.474044,-39.553587],[-72.474079,-39.553588],[-72.474078,-39.553608],[-72.474113,-39.553608],[-72.474113,-39.553628],[-72.474147,-39.553629],[-72.474147,-39.553647],[-72.474182,-39.553647],[-72.474181,-39.553665],[-72.474216,-39.553666],[-72.474215,-39.553684],[-72.47425,-39.553684],[-72.47425,-39.553702],[-72.474284,-39.553703],[-72.474284,-39.553721],[-72.474319,-39.553721],[-72.474318,-39.553739],[-72.474353,-39.55374],[-72.474352,-39.553752],[-72.474387,-39.553753],[-72.474387,-39.553764],[-72.474561,-39.553781],[-72.474561,-39.553789],[-72.47463,-39.553799],[-72.47463,-39.553807],[-72.474665,-39.553808],[-72.474664,-39.553816],[-72.474699,-39.553816],[-72.474699,-39.553824],[-72.474734,-39.553825],[-72.474733,-39.553839],[-72.474768,-39.55384],[-72.474768,-39.553854],[-72.474803,-39.553855],[-72.474802,-39.553869],[-72.474837,-39.55387],[-72.474836,-39.553888],[-72.474871,-39.553889],[-72.474871,-39.553907],[-72.474905,-39.553908],[-72.474905,-39.553926],[-72.47494,-39.553927],[-72.474939,-39.553946],[-72.474974,-39.553946],[-72.474973,-39.553965],[-72.475008,-39.553965],[-72.475007,-39.553983],[-72.475042,-39.553983],[-72.475042,-39.554001],[-72.475077,-39.554001],[-72.475076,-39.554019],[-72.475111,-39.554019],[-72.47511,-39.554036],[-72.475145,-39.554037],[-72.475144,-39.554054],[-72.475179,-39.554055],[-72.475179,-39.554072],[-72.475214,-39.554073],[-72.475213,-39.55409],[-72.475248,-39.554091],[-72.475247,-39.554108],[-72.475282,-39.554109],[-72.475282,-39.554126],[-72.475316,-39.554127],[-72.475316,-39.554144],[-72.475351,-39.554145],[-72.47535,-39.554164],[-72.475385,-39.554165],[-72.475384,-39.554184],[-72.475419,-39.554185],[-72.475418,-39.554204],[-72.475453,-39.554205],[-72.475453,-39.554225],[-72.475487,-39.554225],[-72.475487,-39.554245],[-72.475522,-39.554245],[-72.475521,-39.554265],[-72.475556,-39.554266],[-72.475555,-39.554285],[-72.47559,-39.554286],[-72.475589,-39.554313],[-72.475624,-39.554314],[-72.475623,-39.554341],[-72.475658,-39.554342],[-72.475657,-39.554369],[-72.475692,-39.55437],[-72.475691,-39.554397],[-72.475726,-39.554398],[-72.475725,-39.554425],[-72.475759,-39.554426],[-72.475759,-39.554452],[-72.475793,-39.554452],[-72.475792,-39.554478],[-72.475827,-39.554478],[-72.475826,-39.554504],[-72.475861,-39.554505],[-72.47586,-39.55453],[-72.475895,-39.554531],[-72.475894,-39.554556],[-72.475929,-39.554557],[-72.475928,-39.554579],[-72.475963,-39.55458],[-72.475963,-39.554602],[-72.475997,-39.554603],[-72.475997,-39.554624],[-72.476032,-39.554625],[-72.476031,-39.554647],[-72.476066,-39.554647],[-72.476065,-39.554666],[-72.4761,-39.554666],[-72.476099,-39.554679]]],[[[-72.47377,-39.552324],[-72.471886,-39.552283],[-72.471871,-39.552688],[-72.471906,-39.552689],[-72.471906,-39.552705],[-72.471941,-39.552706],[-72.47194,-39.552722],[-72.471975,-39.552723],[-72.471974,-39.552738],[-72.472009,-39.552739],[-72.472009,-39.552755],[-72.472044,-39.552756],[-72.472043,-39.552772],[-72.472078,-39.552773],[-72.472077,-39.552788],[-72.472112,-39.552789],[-72.472112,-39.552805],[-72.472146,-39.552806],[-72.472146,-39.552822],[-72.472181,-39.552823],[-72.47218,-39.552834],[-72.472215,-39.552834],[-72.472215,-39.552846],[-72.47225,-39.552846],[-72.472249,-39.552857],[-72.472284,-39.552858],[-72.472284,-39.552868],[-72.472458,-39.552875],[-72.472563,-39.55286],[-72.472668,-39.552868],[-72.472667,-39.552883],[-72.472702,-39.552883],[-72.472702,-39.552898],[-72.472737,-39.552899],[-72.472735,-39.55293],[-72.47277,-39.552931],[-72.472769,-39.552957],[-72.472804,-39.552958],[-72.472804,-39.552977],[-72.472838,-39.552978],[-72.472838,-39.552995],[-72.472873,-39.552996],[-72.472872,-39.553013],[-72.472907,-39.553014],[-72.472906,-39.553031],[-72.472941,-39.553032],[-72.472941,-39.553045],[-72.472976,-39.553046],[-72.472975,-39.553057],[-72.47301,-39.553058],[-72.47301,-39.55307],[-72.473045,-39.553071],[-72.473044,-39.553083],[-72.473079,-39.553084],[-72.473079,-39.553096],[-72.473113,-39.553096],[-72.473113,-39.553108],[-72.473148,-39.553109],[-72.473148,-39.55312],[-72.473182,-39.55312],[-72.473182,-39.553131],[-72.473217,-39.553132],[-72.473217,-39.553142],[-72.473251,-39.553143],[-72.473251,-39.553153],[-72.47332,-39.553165],[-72.47332,-39.553176],[-72.473355,-39.553176],[-72.473355,-39.553187],[-72.473389,-39.553188],[-72.473389,-39.553198],[-72.473424,-39.553199],[-72.473424,-39.55321],[-72.473458,-39.553211],[-72.473458,-39.553221],[-72.473493,-39.553222],[-72.473492,-39.553239],[-72.473527,-39.553239],[-72.473527,-39.553257],[-72.473561,-39.553258],[-72.473561,-39.553276],[-72.473596,-39.553277],[-72.473595,-39.553295],[-72.47363,-39.553295],[-72.473629,-39.553316],[-72.473664,-39.553317],[-72.473663,-39.553339],[-72.473698,-39.55334],[-72.473697,-39.553361],[-72.473732,-39.553362],[-72.47377,-39.552324]]]]}},{"type":"Feature","properties":{"id":"E2-S10","nombre":"Equipo 2 · Sector 10","layer":"sector","sector":"Sector 10","equipo_riego":"Equipo 2","equipo_id":2,"hectareas":5.32,"hileras":89,"etiquetas_plano":"10-2","color":"#7ebdad"},"geometry":{"type":"Polygon","coordinates":[[[-72.479766,-39.553673],[-72.479766,-39.553665],[-72.479801,-39.553665],[-72.479812,-39.55337],[-72.479707,-39.553373],[-72.479707,-39.553366],[-72.479672,-39.553365],[-72.479677,-39.553248],[-72.479642,-39.553247],[-72.479643,-39.553223],[-72.479608,-39.553222],[-72.479609,-39.553198],[-72.479574,-39.553198],[-72.479575,-39.553174],[-72.47954,-39.553173],[-72.47954,-39.553151],[-72.479367,-39.553127],[-72.479368,-39.553105],[-72.479333,-39.553105],[-72.479334,-39.553077],[-72.479299,-39.553076],[-72.4793,-39.553052],[-72.479265,-39.553051],[-72.479269,-39.552942],[-72.479234,-39.552941],[-72.479235,-39.55292],[-72.4792,-39.552919],[-72.479201,-39.552896],[-72.479027,-39.552887],[-72.479027,-39.552869],[-72.478992,-39.552868],[-72.478997,-39.552739],[-72.478962,-39.552738],[-72.478963,-39.552714],[-72.478928,-39.552713],[-72.478929,-39.552688],[-72.478894,-39.552687],[-72.478895,-39.552664],[-72.47886,-39.552663],[-72.478861,-39.552646],[-72.478826,-39.552645],[-72.478827,-39.552628],[-72.478687,-39.552625],[-72.478688,-39.552607],[-72.478653,-39.552606],[-72.478654,-39.552585],[-72.478619,-39.552584],[-72.478623,-39.552463],[-72.478588,-39.552463],[-72.478589,-39.552439],[-72.47845,-39.552428],[-72.47674,-39.552391],[-72.476649,-39.554921],[-72.476718,-39.554922],[-72.476719,-39.554916],[-72.476754,-39.554917],[-72.476754,-39.55491],[-72.476789,-39.554911],[-72.476789,-39.554896],[-72.476824,-39.554897],[-72.476825,-39.554881],[-72.47686,-39.554882],[-72.47686,-39.554862],[-72.476895,-39.554862],[-72.476896,-39.554842],[-72.476931,-39.554843],[-72.476932,-39.554822],[-72.476966,-39.554823],[-72.476967,-39.554802],[-72.477002,-39.554803],[-72.477003,-39.554783],[-72.477038,-39.554784],[-72.477038,-39.554763],[-72.477073,-39.554764],[-72.477074,-39.554743],[-72.477109,-39.554744],[-72.47711,-39.554725],[-72.477145,-39.554726],[-72.477145,-39.554706],[-72.47718,-39.554707],[-72.477181,-39.554695],[-72.477215,-39.554696],[-72.477216,-39.554686],[-72.477251,-39.554687],[-72.477251,-39.554678],[-72.477286,-39.554679],[-72.477286,-39.55467],[-72.477356,-39.554662],[-72.477357,-39.554653],[-72.477392,-39.554654],[-72.477392,-39.554647],[-72.477462,-39.554642],[-72.477462,-39.554635],[-72.477637,-39.554612],[-72.477638,-39.554605],[-72.477673,-39.554606],[-72.477673,-39.554599],[-72.478023,-39.554559],[-72.478303,-39.554552],[-72.478408,-39.55454],[-72.478409,-39.554526],[-72.478444,-39.554526],[-72.478444,-39.554511],[-72.478479,-39.554512],[-72.47848,-39.554496],[-72.478514,-39.554497],[-72.478515,-39.554481],[-72.47855,-39.554482],[-72.47855,-39.554466],[-72.478585,-39.554467],[-72.478586,-39.55445],[-72.478621,-39.554451],[-72.478621,-39.554434],[-72.478656,-39.554435],[-72.478657,-39.554418],[-72.478692,-39.554418],[-72.478692,-39.554401],[-72.478727,-39.554402],[-72.478728,-39.554385],[-72.478763,-39.554386],[-72.478763,-39.554371],[-72.478798,-39.554372],[-72.478799,-39.554357],[-72.478834,-39.554358],[-72.478834,-39.554343],[-72.478869,-39.554344],[-72.47887,-39.554329],[-72.478905,-39.55433],[-72.478905,-39.554316],[-72.47894,-39.554316],[-72.47894,-39.554303],[-72.478975,-39.554303],[-72.478976,-39.55429],[-72.479011,-39.554291],[-72.479011,-39.554277],[-72.479046,-39.554278],[-72.479047,-39.554264],[-72.479081,-39.554265],[-72.479082,-39.554253],[-72.479117,-39.554254],[-72.479117,-39.554243],[-72.479152,-39.554243],[-72.479152,-39.554232],[-72.479187,-39.554233],[-72.479188,-39.554221],[-72.479223,-39.554222],[-72.479236,-39.553846],[-72.479271,-39.553847],[-72.479272,-39.553825],[-72.479307,-39.553825],[-72.479307,-39.553808],[-72.479342,-39.553809],[-72.479343,-39.553791],[-72.479378,-39.553792],[-72.479378,-39.553774],[-72.479413,-39.553775],[-72.479414,-39.553757],[-72.479449,-39.553758],[-72.479449,-39.553745],[-72.479484,-39.553746],[-72.479485,-39.553733],[-72.479555,-39.553723],[-72.479555,-39.55371],[-72.47959,-39.553711],[-72.47959,-39.553701],[-72.479625,-39.553702],[-72.479626,-39.553694],[-72.479696,-39.553688],[-72.479696,-39.553679],[-72.479766,-39.553673]]]}},{"type":"Feature","properties":{"id":"E3-S1","nombre":"Equipo 3 · Sector 1","layer":"sector","sector":"Sector 1","equipo_riego":"Equipo 3","equipo_id":3,"hectareas":5.2,"hileras":75,"etiquetas_plano":"1-3","color":"#7ebdad"},"geometry":{"type":"Polygon","coordinates":[[[-72.472547,-39.542776],[-72.472057,-39.542801],[-72.470591,-39.542801],[-72.470585,-39.54296],[-72.47055,-39.542959],[-72.470547,-39.543041],[-72.470512,-39.543041],[-72.470509,-39.543122],[-72.470474,-39.543122],[-72.470471,-39.543206],[-72.470437,-39.543206],[-72.470431,-39.543344],[-72.470397,-39.543343],[-72.470393,-39.543451],[-72.470358,-39.54345],[-72.470353,-39.543591],[-72.470318,-39.54359],[-72.470313,-39.543734],[-72.470278,-39.543733],[-72.47027,-39.543956],[-72.470235,-39.543955],[-72.470227,-39.544163],[-72.470192,-39.544162],[-72.470184,-39.544404],[-72.470149,-39.544403],[-72.470145,-39.544516],[-72.47011,-39.544515],[-72.470106,-39.544606],[-72.470071,-39.544605],[-72.470067,-39.544716],[-72.470033,-39.544715],[-72.47003,-39.544785],[-72.469995,-39.544784],[-72.469993,-39.544835],[-72.469958,-39.544834],[-72.469956,-39.54489],[-72.469922,-39.544889],[-72.469919,-39.544951],[-72.469884,-39.54495],[-72.469882,-39.545007],[-72.469847,-39.545006],[-72.469841,-39.545173],[-72.472458,-39.545229],[-72.472547,-39.542776]]]}},{"type":"Feature","properties":{"id":"E3-S2","nombre":"Equipo 3 · Sector 2","layer":"sector","sector":"Sector 2","equipo_riego":"Equipo 3","equipo_id":3,"hectareas":5.07,"hileras":82,"etiquetas_plano":"2-3, (sin etiqueta), (sin etiqueta)","color":"#81566b"},"geometry":{"type":"MultiPolygon","coordinates":[[[[-72.474097,-39.542364],[-72.474098,-39.542358],[-72.474063,-39.542357],[-72.474063,-39.542351],[-72.474028,-39.54235],[-72.474028,-39.542344],[-72.473993,-39.542343],[-72.473994,-39.542336],[-72.473959,-39.542336],[-72.473959,-39.54233],[-72.473819,-39.542338],[-72.473819,-39.542348],[-72.473784,-39.542348],[-72.473783,-39.542358],[-72.473713,-39.542367],[-72.473713,-39.542377],[-72.473678,-39.542377],[-72.473678,-39.542388],[-72.473643,-39.542387],[-72.473642,-39.542403],[-72.473607,-39.542403],[-72.473607,-39.542419],[-72.473572,-39.542418],[-72.473571,-39.542434],[-72.473536,-39.542433],[-72.473536,-39.542449],[-72.473501,-39.542448],[-72.4735,-39.542464],[-72.473465,-39.542464],[-72.473465,-39.54248],[-72.47343,-39.542479],[-72.473429,-39.542495],[-72.473395,-39.542494],[-72.473394,-39.54251],[-72.473359,-39.542509],[-72.473359,-39.542525],[-72.473324,-39.542525],[-72.473323,-39.542541],[-72.473288,-39.54254],[-72.473288,-39.542556],[-72.473253,-39.542556],[-72.473252,-39.542572],[-72.473217,-39.542571],[-72.473217,-39.542588],[-72.473182,-39.542587],[-72.473181,-39.542603],[-72.473146,-39.542602],[-72.473146,-39.542617],[-72.473111,-39.542616],[-72.47311,-39.542631],[-72.473075,-39.54263],[-72.473075,-39.542645],[-72.47304,-39.542644],[-72.473039,-39.542673],[-72.472969,-39.542672],[-72.472969,-39.542686],[-72.472934,-39.542685],[-72.472933,-39.5427],[-72.472898,-39.542699],[-72.472898,-39.542714],[-72.472863,-39.542713],[-72.472862,-39.542728],[-72.472828,-39.542727],[-72.472827,-39.542739],[-72.472547,-39.542771],[-72.472458,-39.545229],[-72.474027,-39.545265],[-72.474132,-39.542365],[-72.474097,-39.542364]]],[[[-72.475009,-39.542347],[-72.474974,-39.542346],[-72.474973,-39.542356],[-72.474938,-39.542356],[-72.474938,-39.542363],[-72.474903,-39.542362],[-72.474903,-39.542369],[-72.474868,-39.542368],[-72.474868,-39.542375],[-72.474833,-39.542375],[-72.474833,-39.542382],[-72.474798,-39.542381],[-72.474798,-39.542388],[-72.474763,-39.542387],[-72.474762,-39.542395],[-72.474728,-39.542394],[-72.474727,-39.542401],[-72.474692,-39.5424],[-72.474692,-39.542406],[-72.474657,-39.542406],[-72.474657,-39.542412],[-72.474622,-39.542411],[-72.474622,-39.542417],[-72.474587,-39.542421],[-72.474343,-39.54241],[-72.474308,-39.543372],[-72.474483,-39.543371],[-72.474482,-39.54338],[-72.474517,-39.54338],[-72.474517,-39.543389],[-72.474586,-39.543399],[-72.474586,-39.543408],[-72.474621,-39.543408],[-72.474621,-39.543417],[-72.474656,-39.543418],[-72.474655,-39.543427],[-72.47469,-39.543427],[-72.47469,-39.543436],[-72.474725,-39.543437],[-72.474724,-39.543446],[-72.474759,-39.543447],[-72.474759,-39.543456],[-72.474794,-39.543457],[-72.474793,-39.543466],[-72.474828,-39.543467],[-72.474828,-39.543476],[-72.474863,-39.543477],[-72.474862,-39.543486],[-72.474897,-39.543487],[-72.474897,-39.543496],[-72.474932,-39.543497],[-72.474932,-39.543506],[-72.474966,-39.543506],[-72.475009,-39.542347]]],[[[-72.474944,-39.544132],[-72.474423,-39.544066],[-72.474388,-39.54406],[-72.474388,-39.544052],[-72.474353,-39.544051],[-72.474354,-39.544043],[-72.474319,-39.544043],[-72.474319,-39.544035],[-72.474284,-39.544034],[-72.474264,-39.544589],[-72.474299,-39.54459],[-72.474298,-39.544609],[-72.474333,-39.54461],[-72.474332,-39.54463],[-72.474367,-39.54463],[-72.474366,-39.54465],[-72.474401,-39.544651],[-72.474401,-39.54467],[-72.474436,-39.544671],[-72.474435,-39.544693],[-72.47447,-39.544694],[-72.474469,-39.544716],[-72.474504,-39.544717],[-72.474503,-39.54474],[-72.474538,-39.544741],[-72.474537,-39.544763],[-72.474572,-39.544764],[-72.474571,-39.544786],[-72.474606,-39.544787],[-72.474605,-39.54481],[-72.47464,-39.54481],[-72.474639,-39.544833],[-72.474674,-39.544834],[-72.474673,-39.544856],[-72.474708,-39.544857],[-72.474707,-39.54488],[-72.474742,-39.54488],[-72.474741,-39.544903],[-72.474776,-39.544904],[-72.474775,-39.544926],[-72.47481,-39.544927],[-72.474809,-39.54495],[-72.474844,-39.54495],[-72.474843,-39.544973],[-72.474878,-39.544974],[-72.474878,-39.544996],[-72.474912,-39.544997],[-72.474944,-39.544132]]]]}},{"type":"Feature","properties":{"id":"E3-S3","nombre":"Equipo 3 · Sector 3","layer":"sector","sector":"Sector 3","equipo_riego":"Equipo 3","equipo_id":3,"hectareas":5.27,"hileras":86,"etiquetas_plano":"3-3","color":"#ff7f00"},"geometry":{"type":"Polygon","coordinates":[[[-72.477951,-39.54304],[-72.477951,-39.543033],[-72.477986,-39.543034],[-72.47799,-39.542903],[-72.477955,-39.542903],[-72.477956,-39.542882],[-72.477921,-39.542881],[-72.477922,-39.542861],[-72.477887,-39.54286],[-72.477888,-39.542839],[-72.477853,-39.542839],[-72.477854,-39.542818],[-72.477819,-39.542817],[-72.47782,-39.542796],[-72.477785,-39.542796],[-72.477786,-39.542775],[-72.477751,-39.542774],[-72.477751,-39.542754],[-72.477717,-39.542753],[-72.477717,-39.542732],[-72.477682,-39.542732],[-72.477683,-39.542712],[-72.477648,-39.542711],[-72.477649,-39.542691],[-72.477614,-39.542691],[-72.477615,-39.542671],[-72.47758,-39.54267],[-72.477581,-39.54265],[-72.477546,-39.542649],[-72.477546,-39.54263],[-72.477512,-39.542629],[-72.477512,-39.542609],[-72.477477,-39.542608],[-72.477478,-39.54259],[-72.477443,-39.542589],[-72.477444,-39.542575],[-72.477409,-39.542574],[-72.477409,-39.54256],[-72.477374,-39.542559],[-72.477375,-39.542546],[-72.47734,-39.542545],[-72.477341,-39.542533],[-72.477306,-39.542532],[-72.477306,-39.54252],[-72.477271,-39.54252],[-72.477272,-39.542508],[-72.477237,-39.542507],[-72.477237,-39.542495],[-72.477202,-39.542494],[-72.477203,-39.542485],[-72.477168,-39.542484],[-72.477168,-39.542475],[-72.477133,-39.542474],[-72.477133,-39.542467],[-72.477099,-39.542467],[-72.477099,-39.54246],[-72.477029,-39.542452],[-72.47703,-39.542445],[-72.47696,-39.542437],[-72.47696,-39.54243],[-72.476925,-39.542429],[-72.476926,-39.542423],[-72.476856,-39.542415],[-72.476856,-39.542408],[-72.476821,-39.542407],[-72.476822,-39.5424],[-72.476787,-39.5424],[-72.476787,-39.542393],[-72.476752,-39.542392],[-72.476752,-39.542386],[-72.476718,-39.542385],[-72.476718,-39.542378],[-72.476683,-39.542377],[-72.476683,-39.542371],[-72.476648,-39.54237],[-72.476649,-39.542363],[-72.476614,-39.542362],[-72.476614,-39.542356],[-72.476579,-39.542355],[-72.476579,-39.542348],[-72.476544,-39.542348],[-72.476545,-39.542341],[-72.47651,-39.54234],[-72.47651,-39.542333],[-72.476475,-39.542333],[-72.476475,-39.542326],[-72.47644,-39.542325],[-72.476441,-39.542318],[-72.476406,-39.542317],[-72.476406,-39.542311],[-72.476371,-39.54231],[-72.476371,-39.542303],[-72.476337,-39.542302],[-72.476337,-39.542296],[-72.476302,-39.542295],[-72.476302,-39.542288],[-72.476267,-39.542287],[-72.476268,-39.542281],[-72.476233,-39.54228],[-72.476233,-39.542273],[-72.476198,-39.542272],[-72.476198,-39.542266],[-72.476163,-39.542265],[-72.476164,-39.542258],[-72.476129,-39.542257],[-72.476129,-39.542252],[-72.476094,-39.542251],[-72.476094,-39.542245],[-72.476059,-39.542245],[-72.47606,-39.542239],[-72.476025,-39.542238],[-72.476025,-39.542233],[-72.47599,-39.542232],[-72.47599,-39.542226],[-72.475886,-39.542208],[-72.475816,-39.542208],[-72.475816,-39.542213],[-72.475711,-39.542222],[-72.475711,-39.542228],[-72.475676,-39.542227],[-72.475676,-39.542235],[-72.475641,-39.542234],[-72.475641,-39.542241],[-72.475606,-39.542241],[-72.475606,-39.542248],[-72.475571,-39.542247],[-72.47557,-39.542255],[-72.475535,-39.542254],[-72.475535,-39.542261],[-72.4755,-39.542261],[-72.4755,-39.542268],[-72.47529,-39.542296],[-72.475289,-39.542302],[-72.475255,-39.542301],[-72.475254,-39.542308],[-72.475219,-39.542307],[-72.475219,-39.542314],[-72.475184,-39.542313],[-72.475184,-39.542319],[-72.475149,-39.542319],[-72.475149,-39.542325],[-72.475114,-39.542324],[-72.475114,-39.542331],[-72.475079,-39.54233],[-72.475079,-39.542337],[-72.475044,-39.542336],[-72.475044,-39.542344],[-72.475009,-39.542343],[-72.474966,-39.543516],[-72.475001,-39.543517],[-72.475001,-39.543526],[-72.475036,-39.543527],[-72.475035,-39.543537],[-72.47507,-39.543538],[-72.47507,-39.543547],[-72.475105,-39.543548],[-72.475104,-39.543557],[-72.475139,-39.543558],[-72.475139,-39.543567],[-72.475174,-39.543568],[-72.475173,-39.543577],[-72.475208,-39.543578],[-72.475208,-39.543587],[-72.475243,-39.543588],[-72.475242,-39.543597],[-72.475277,-39.543598],[-72.475277,-39.543607],[-72.475312,-39.543608],[-72.475312,-39.543617],[-72.475346,-39.543618],[-72.475346,-39.543627],[-72.475416,-39.543638],[-72.475415,-39.543652],[-72.47545,-39.543653],[-72.475449,-39.543667],[-72.475484,-39.543668],[-72.475484,-39.543682],[-72.475519,-39.543683],[-72.475518,-39.543697],[-72.475553,-39.543698],[-72.475552,-39.543712],[-72.475587,-39.543713],[-72.475587,-39.543727],[-72.475622,-39.543728],[-72.475621,-39.54374],[-72.475656,-39.543741],[-72.475656,-39.543753],[-72.475691,-39.543754],[-72.47569,-39.543775],[-72.475725,-39.543776],[-72.475724,-39.543795],[-72.475759,-39.543796],[-72.475758,-39.543815],[-72.475793,-39.543816],[-72.475792,-39.543835],[-72.475827,-39.543835],[-72.475827,-39.543854],[-72.475861,-39.543855],[-72.47586,-39.543884],[-72.475895,-39.543885],[-72.475894,-39.543914],[-72.475929,-39.543915],[-72.475928,-39.543945],[-72.475963,-39.543945],[-72.475962,-39.543975],[-72.475997,-39.543976],[-72.475996,-39.544005],[-72.47603,-39.544006],[-72.476029,-39.544034],[-72.476064,-39.544035],[-72.476063,-39.544063],[-72.476098,-39.544064],[-72.476091,-39.544259],[-72.476056,-39.544258],[-72.476056,-39.544272],[-72.476021,-39.544271],[-72.47602,-39.544286],[-72.475985,-39.544285],[-72.475985,-39.544299],[-72.47595,-39.544298],[-72.47595,-39.544308],[-72.47588,-39.544317],[-72.475879,-39.544327],[-72.475844,-39.544326],[-72.475844,-39.544336],[-72.475739,-39.544338],[-72.475566,-39.54431],[-72.475566,-39.544299],[-72.475531,-39.544298],[-72.475532,-39.544287],[-72.475497,-39.544286],[-72.475497,-39.544275],[-72.475462,-39.544275],[-72.475463,-39.544263],[-72.475428,-39.544263],[-72.475428,-39.544252],[-72.475393,-39.544251],[-72.475394,-39.54424],[-72.475359,-39.544239],[-72.475359,-39.544228],[-72.475324,-39.544227],[-72.475325,-39.544216],[-72.47529,-39.544215],[-72.47529,-39.544204],[-72.475255,-39.544203],[-72.475256,-39.544192],[-72.475221,-39.544191],[-72.475221,-39.54418],[-72.475152,-39.544169],[-72.475152,-39.544156],[-72.474944,-39.544135],[-72.474912,-39.545019],[-72.474946,-39.54502],[-72.474946,-39.545043],[-72.474981,-39.545043],[-72.47498,-39.545066],[-72.475015,-39.545067],[-72.475014,-39.545089],[-72.475049,-39.54509],[-72.475048,-39.54511],[-72.475083,-39.54511],[-72.475082,-39.54513],[-72.475117,-39.545131],[-72.475116,-39.54515],[-72.475151,-39.545151],[-72.47515,-39.545171],[-72.475185,-39.545171],[-72.475185,-39.545191],[-72.47522,-39.545192],[-72.475219,-39.545211],[-72.475254,-39.545212],[-72.475253,-39.545232],[-72.475288,-39.545233],[-72.475287,-39.545253],[-72.475322,-39.545254],[-72.475321,-39.545274],[-72.475356,-39.545275],[-72.475355,-39.545295],[-72.47539,-39.545296],[-72.47539,-39.545314],[-72.475841,-39.545388],[-72.476049,-39.545409],[-72.476468,-39.545424],[-72.476472,-39.54531],[-72.476507,-39.54531],[-72.476511,-39.545185],[-72.476546,-39.545186],[-72.476548,-39.545149],[-72.476582,-39.54515],[-72.476584,-39.545098],[-72.476724,-39.545093],[-72.476724,-39.545101],[-72.476793,-39.54511],[-72.476793,-39.545117],[-72.476828,-39.545118],[-72.476886,-39.543512],[-72.476851,-39.543511],[-72.476852,-39.543503],[-72.476817,-39.543502],[-72.476817,-39.543493],[-72.476748,-39.543483],[-72.476748,-39.543475],[-72.476713,-39.543474],[-72.476713,-39.543465],[-72.476678,-39.543464],[-72.476679,-39.543452],[-72.476644,-39.543451],[-72.476645,-39.543431],[-72.47661,-39.54343],[-72.476611,-39.54341],[-72.476576,-39.543409],[-72.476584,-39.543177],[-72.476619,-39.543177],[-72.47662,-39.543158],[-72.476655,-39.543159],[-72.476655,-39.543139],[-72.47669,-39.54314],[-72.476691,-39.543125],[-72.476726,-39.543126],[-72.476726,-39.543112],[-72.476761,-39.543108],[-72.477006,-39.543095],[-72.477635,-39.543088],[-72.477635,-39.543082],[-72.47767,-39.543083],[-72.47767,-39.543077],[-72.477705,-39.543078],[-72.477705,-39.543072],[-72.47774,-39.543072],[-72.47774,-39.543067],[-72.477775,-39.543067],[-72.477775,-39.543061],[-72.47781,-39.543062],[-72.47781,-39.543056],[-72.477845,-39.543057],[-72.477845,-39.543051],[-72.47788,-39.543052],[-72.47788,-39.543045],[-72.477915,-39.543046],[-72.477916,-39.543039],[-72.477951,-39.54304]]]}},{"type":"Feature","properties":{"id":"E3-S4","nombre":"Equipo 3 · Sector 4","layer":"sector","sector":"Sector 4","equipo_riego":"Equipo 3","equipo_id":3,"hectareas":5.36,"hileras":124,"etiquetas_plano":"4-3","color":"#ffff00"},"geometry":{"type":"Polygon","coordinates":[[[-72.481325,-39.545376],[-72.481361,-39.545376],[-72.481369,-39.545153],[-72.481333,-39.545152],[-72.481333,-39.54514],[-72.481299,-39.545139],[-72.481299,-39.545128],[-72.481264,-39.545127],[-72.481264,-39.545115],[-72.48123,-39.545115],[-72.48123,-39.545103],[-72.481195,-39.545102],[-72.481196,-39.545091],[-72.481161,-39.54509],[-72.481161,-39.545078],[-72.481126,-39.545078],[-72.481127,-39.545066],[-72.481092,-39.545065],[-72.481092,-39.545054],[-72.481057,-39.545053],[-72.481058,-39.545041],[-72.481023,-39.545041],[-72.481023,-39.545029],[-72.480988,-39.545028],[-72.480989,-39.545017],[-72.480954,-39.545016],[-72.480954,-39.545004],[-72.480919,-39.545003],[-72.48092,-39.544991],[-72.480885,-39.54499],[-72.480885,-39.544978],[-72.480851,-39.544977],[-72.480851,-39.544965],[-72.480816,-39.544964],[-72.480817,-39.544952],[-72.480782,-39.544951],[-72.480782,-39.544939],[-72.480747,-39.544938],[-72.480748,-39.544926],[-72.480713,-39.544925],[-72.480713,-39.544913],[-72.480678,-39.544912],[-72.480679,-39.5449],[-72.480644,-39.544899],[-72.480644,-39.544887],[-72.480609,-39.544886],[-72.48061,-39.544874],[-72.480575,-39.544874],[-72.480575,-39.544861],[-72.480541,-39.544861],[-72.480541,-39.544848],[-72.480506,-39.544848],[-72.480507,-39.544836],[-72.480472,-39.544835],[-72.480472,-39.544823],[-72.480437,-39.544822],[-72.480438,-39.54481],[-72.480403,-39.544809],[-72.480403,-39.544797],[-72.480368,-39.544796],[-72.480369,-39.544784],[-72.480334,-39.544783],[-72.480334,-39.544771],[-72.4803,-39.54477],[-72.4803,-39.544757],[-72.480265,-39.544756],[-72.480266,-39.544744],[-72.480231,-39.544743],[-72.480231,-39.544731],[-72.480196,-39.54473],[-72.480197,-39.544717],[-72.480162,-39.544717],[-72.480162,-39.544704],[-72.480127,-39.544703],[-72.480128,-39.544691],[-72.480093,-39.54469],[-72.480093,-39.544677],[-72.480059,-39.544677],[-72.480059,-39.544664],[-72.480024,-39.544663],[-72.480025,-39.544651],[-72.47999,-39.54465],[-72.47999,-39.544638],[-72.479955,-39.544637],[-72.479956,-39.544624],[-72.479921,-39.544623],[-72.479921,-39.544611],[-72.479886,-39.54461],[-72.479887,-39.544598],[-72.479852,-39.544597],[-72.479852,-39.544584],[-72.479818,-39.544584],[-72.479818,-39.544571],[-72.479714,-39.544561],[-72.479715,-39.544531],[-72.47968,-39.54453],[-72.47968,-39.544517],[-72.479645,-39.544517],[-72.479646,-39.544504],[-72.479611,-39.544503],[-72.479611,-39.54449],[-72.479577,-39.54449],[-72.479577,-39.544477],[-72.479542,-39.544476],[-72.479543,-39.544463],[-72.479508,-39.544463],[-72.479508,-39.54445],[-72.479473,-39.544449],[-72.479474,-39.544436],[-72.479439,-39.544436],[-72.479439,-39.544423],[-72.479405,-39.544422],[-72.479405,-39.544409],[-72.47937,-39.544409],[-72.479371,-39.544396],[-72.479336,-39.544395],[-72.479336,-39.544382],[-72.479301,-39.544382],[-72.479302,-39.544369],[-72.479267,-39.544368],[-72.479267,-39.544355],[-72.479232,-39.544355],[-72.479233,-39.544342],[-72.479198,-39.544341],[-72.479198,-39.544328],[-72.479164,-39.544328],[-72.479164,-39.544315],[-72.479129,-39.544314],[-72.47913,-39.544301],[-72.479095,-39.5443],[-72.479095,-39.544288],[-72.47906,-39.544287],[-72.479061,-39.544274],[-72.479026,-39.544274],[-72.479026,-39.544261],[-72.478991,-39.54426],[-72.478992,-39.544248],[-72.478957,-39.544247],[-72.478958,-39.544234],[-72.478923,-39.544233],[-72.478923,-39.544221],[-72.478888,-39.54422],[-72.478889,-39.544207],[-72.478854,-39.544207],[-72.478854,-39.544194],[-72.478819,-39.544193],[-72.47882,-39.544181],[-72.478785,-39.54418],[-72.478785,-39.544167],[-72.478751,-39.544166],[-72.478751,-39.544154],[-72.478716,-39.544153],[-72.478717,-39.54414],[-72.478682,-39.54414],[-72.478682,-39.544127],[-72.478612,-39.544126],[-72.478613,-39.5441],[-72.478578,-39.5441],[-72.478579,-39.544088],[-72.478544,-39.544087],[-72.478544,-39.544075],[-72.47851,-39.544074],[-72.47851,-39.544062],[-72.478475,-39.544062],[-72.478475,-39.54405],[-72.478441,-39.544049],[-72.478441,-39.544037],[-72.478406,-39.544036],[-72.478407,-39.544024],[-72.478372,-39.544024],[-72.478372,-39.544012],[-72.478337,-39.544011],[-72.478338,-39.543999],[-72.478303,-39.543998],[-72.478303,-39.543986],[-72.478268,-39.543986],[-72.478269,-39.543968],[-72.478234,-39.543967],[-72.478235,-39.543949],[-72.4782,-39.543948],[-72.478202,-39.543894],[-72.478167,-39.543893],[-72.478173,-39.543721],[-72.478138,-39.54372],[-72.478139,-39.543694],[-72.478104,-39.543693],[-72.478105,-39.543674],[-72.47807,-39.543674],[-72.478071,-39.543656],[-72.478036,-39.543656],[-72.478036,-39.543645],[-72.478001,-39.543644],[-72.478002,-39.543637],[-72.477863,-39.54362],[-72.477478,-39.543627],[-72.477303,-39.543646],[-72.477233,-39.543644],[-72.477164,-39.543633],[-72.477164,-39.543625],[-72.47713,-39.543624],[-72.47713,-39.543615],[-72.477095,-39.543615],[-72.477095,-39.543606],[-72.47706,-39.543605],[-72.477004,-39.545172],[-72.477246,-39.545215],[-72.477455,-39.545232],[-72.477875,-39.545214],[-72.477874,-39.545226],[-72.477909,-39.545226],[-72.477909,-39.54524],[-72.477944,-39.545241],[-72.477943,-39.545254],[-72.477978,-39.545255],[-72.477978,-39.545268],[-72.478012,-39.545269],[-72.478012,-39.545282],[-72.478047,-39.545283],[-72.478046,-39.545296],[-72.478081,-39.545297],[-72.478081,-39.545311],[-72.478116,-39.545311],[-72.478115,-39.545325],[-72.47815,-39.545326],[-72.47815,-39.545339],[-72.478184,-39.54534],[-72.478184,-39.545353],[-72.478219,-39.545354],[-72.478218,-39.545367],[-72.478253,-39.545368],[-72.478253,-39.545381],[-72.478288,-39.545382],[-72.478287,-39.545396],[-72.478322,-39.545396],[-72.478322,-39.54541],[-72.478356,-39.54541],[-72.478356,-39.545424],[-72.478391,-39.545425],[-72.47839,-39.545438],[-72.478425,-39.545439],[-72.478425,-39.545452],[-72.47846,-39.545453],[-72.478459,-39.545468],[-72.478494,-39.545469],[-72.478493,-39.54548],[-72.478528,-39.545481],[-72.478528,-39.545495],[-72.478598,-39.545496],[-72.478597,-39.54552],[-72.478875,-39.545547],[-72.478875,-39.545562],[-72.478909,-39.545562],[-72.478909,-39.545577],[-72.478944,-39.545578],[-72.478943,-39.545592],[-72.478978,-39.545593],[-72.478978,-39.545607],[-72.479012,-39.545608],[-72.479012,-39.545624],[-72.479047,-39.545625],[-72.479045,-39.545661],[-72.47908,-39.545662],[-72.479079,-39.545699],[-72.479114,-39.545699],[-72.479113,-39.545736],[-72.479147,-39.545737],[-72.479146,-39.545774],[-72.479181,-39.545775],[-72.479179,-39.545825],[-72.479214,-39.545826],[-72.479212,-39.545876],[-72.479247,-39.545877],[-72.479245,-39.545927],[-72.47928,-39.545928],[-72.479278,-39.545978],[-72.479313,-39.545979],[-72.479313,-39.545998],[-72.479347,-39.545999],[-72.479347,-39.546017],[-72.479382,-39.546018],[-72.479381,-39.546036],[-72.479416,-39.546037],[-72.479415,-39.546055],[-72.479694,-39.546073],[-72.480183,-39.546051],[-72.480184,-39.546033],[-72.480219,-39.546033],[-72.48022,-39.546014],[-72.480254,-39.546014],[-72.480255,-39.545995],[-72.48029,-39.545996],[-72.480291,-39.545976],[-72.480326,-39.545977],[-72.480326,-39.545957],[-72.480361,-39.545958],[-72.480362,-39.545938],[-72.480397,-39.545939],[-72.480398,-39.545919],[-72.480432,-39.54592],[-72.480433,-39.5459],[-72.480468,-39.545901],[-72.480469,-39.545882],[-72.480504,-39.545882],[-72.480504,-39.545863],[-72.480539,-39.545863],[-72.48054,-39.545844],[-72.480575,-39.545845],[-72.480576,-39.545825],[-72.48061,-39.545826],[-72.480612,-39.545792],[-72.480682,-39.545789],[-72.480682,-39.545768],[-72.480717,-39.545769],[-72.480718,-39.545748],[-72.480753,-39.545749],[-72.480754,-39.545729],[-72.480788,-39.54573],[-72.480789,-39.545709],[-72.480824,-39.54571],[-72.480825,-39.545689],[-72.48086,-39.54569],[-72.48086,-39.54567],[-72.480895,-39.54567],[-72.480896,-39.54565],[-72.480931,-39.545651],[-72.480932,-39.54563],[-72.480967,-39.545631],[-72.480968,-39.545589],[-72.481038,-39.545587],[-72.481039,-39.545563],[-72.481074,-39.545563],[-72.481075,-39.545539],[-72.481109,-39.54554],[-72.48111,-39.545516],[-72.481145,-39.545517],[-72.481146,-39.545493],[-72.481181,-39.545493],[-72.481182,-39.545469],[-72.481217,-39.54547],[-72.481218,-39.545446],[-72.481252,-39.545446],[-72.481253,-39.545423],[-72.481288,-39.545424],[-72.481289,-39.5454],[-72.481324,-39.5454],[-72.481325,-39.545376]]]}},{"type":"Feature","properties":{"id":"E3-S5","nombre":"Equipo 3 · Sector 5","layer":"sector","sector":"Sector 5","equipo_riego":"Equipo 3","equipo_id":3,"hectareas":5.24,"hileras":51,"etiquetas_plano":"5-3","color":"#00bd00"},"geometry":{"type":"Polygon","coordinates":[[[-72.475994,-39.545888],[-72.475576,-39.545869],[-72.475541,-39.545864],[-72.475541,-39.545855],[-72.475506,-39.545855],[-72.475507,-39.545846],[-72.475472,-39.545845],[-72.475472,-39.545837],[-72.475437,-39.545836],[-72.475438,-39.545827],[-72.475403,-39.545827],[-72.475403,-39.545818],[-72.475368,-39.545817],[-72.475368,-39.545809],[-72.475334,-39.545808],[-72.475334,-39.545799],[-72.475299,-39.545798],[-72.475299,-39.545788],[-72.475264,-39.545787],[-72.475265,-39.545774],[-72.47523,-39.545774],[-72.475231,-39.545761],[-72.475196,-39.54576],[-72.475196,-39.545747],[-72.475161,-39.545746],[-72.475162,-39.545733],[-72.475127,-39.545732],[-72.475127,-39.545721],[-72.475092,-39.54572],[-72.475093,-39.545709],[-72.475058,-39.545708],[-72.475058,-39.545697],[-72.475023,-39.545696],[-72.475024,-39.545685],[-72.474989,-39.545684],[-72.474989,-39.545672],[-72.474954,-39.545672],[-72.474955,-39.545654],[-72.47492,-39.545653],[-72.474921,-39.545635],[-72.474886,-39.545634],[-72.474887,-39.545616],[-72.474852,-39.545615],[-72.474852,-39.545597],[-72.474818,-39.545597],[-72.474818,-39.545578],[-72.474783,-39.545577],[-72.474784,-39.545558],[-72.474749,-39.545557],[-72.47475,-39.545538],[-72.474715,-39.545537],[-72.474716,-39.545518],[-72.474681,-39.545517],[-72.474682,-39.545498],[-72.474647,-39.545497],[-72.474647,-39.545478],[-72.474612,-39.545477],[-72.474613,-39.545458],[-72.474544,-39.545448],[-72.474545,-39.545424],[-72.47451,-39.545423],[-72.47451,-39.54541],[-72.474475,-39.545409],[-72.474476,-39.545397],[-72.474441,-39.545396],[-72.474441,-39.545384],[-72.474406,-39.545383],[-72.474407,-39.545371],[-72.474232,-39.545371],[-72.47411,-39.548743],[-72.475889,-39.548779],[-72.475994,-39.545888]]]}},{"type":"Feature","properties":{"id":"E3-S6","nombre":"Equipo 3 · Sector 6","layer":"sector","sector":"Sector 6","equipo_riego":"Equipo 3","equipo_id":3,"hectareas":5.12,"hileras":53,"etiquetas_plano":"6-3, 6-3","color":"#ff00ff"},"geometry":{"type":"MultiPolygon","coordinates":[[[[-72.478054,-39.54605],[-72.478054,-39.546037],[-72.478019,-39.546036],[-72.47802,-39.546024],[-72.477985,-39.546023],[-72.477985,-39.54601],[-72.47795,-39.546009],[-72.477951,-39.545997],[-72.477916,-39.545996],[-72.477916,-39.545983],[-72.477881,-39.545983],[-72.477882,-39.54597],[-72.477847,-39.545969],[-72.477847,-39.545958],[-72.477605,-39.545916],[-72.477605,-39.545909],[-72.477257,-39.545869],[-72.477014,-39.545829],[-72.476907,-39.548803],[-72.477988,-39.548828],[-72.478088,-39.546051],[-72.478054,-39.54605]]],[[[-72.476728,-39.545847],[-72.476694,-39.545846],[-72.476693,-39.545853],[-72.476623,-39.545859],[-72.476623,-39.545867],[-72.476588,-39.545866],[-72.476588,-39.545876],[-72.476553,-39.545875],[-72.476553,-39.545885],[-72.476518,-39.545884],[-72.476517,-39.545894],[-72.476482,-39.545893],[-72.476482,-39.545902],[-72.476447,-39.545905],[-72.475994,-39.545889],[-72.475889,-39.548779],[-72.476657,-39.548795],[-72.476764,-39.54584],[-72.476729,-39.545839],[-72.476728,-39.545847]]]]}},{"type":"Feature","properties":{"id":"E3-S7","nombre":"Equipo 3 · Sector 7","layer":"sector","sector":"Sector 7","equipo_riego":"Equipo 3","equipo_id":3,"hectareas":5.44,"hileras":74,"etiquetas_plano":"7-3, 7-3","color":"#00ffff"},"geometry":{"type":"MultiPolygon","coordinates":[[[[-72.480131,-39.547475],[-72.480166,-39.547475],[-72.480204,-39.546445],[-72.479505,-39.546467],[-72.479191,-39.546448],[-72.479191,-39.546441],[-72.479157,-39.546441],[-72.479157,-39.546434],[-72.479122,-39.546433],[-72.479122,-39.546425],[-72.479087,-39.546424],[-72.479088,-39.546407],[-72.479053,-39.546406],[-72.479054,-39.546389],[-72.479019,-39.546388],[-72.479019,-39.54637],[-72.478985,-39.546369],[-72.478985,-39.546352],[-72.47895,-39.546351],[-72.478951,-39.546336],[-72.478916,-39.546335],[-72.478917,-39.54632],[-72.478882,-39.546319],[-72.478882,-39.546304],[-72.478847,-39.546303],[-72.478848,-39.546289],[-72.478813,-39.546288],[-72.478813,-39.54628],[-72.478709,-39.546262],[-72.478709,-39.546254],[-72.478675,-39.546253],[-72.478675,-39.546245],[-72.478571,-39.546227],[-72.478571,-39.546219],[-72.478502,-39.54621],[-72.478502,-39.546201],[-72.478467,-39.546201],[-72.478467,-39.546189],[-72.478433,-39.546189],[-72.478433,-39.546177],[-72.478398,-39.546177],[-72.478398,-39.546165],[-72.478364,-39.546165],[-72.478364,-39.546153],[-72.478329,-39.546153],[-72.47833,-39.546141],[-72.478295,-39.546141],[-72.478295,-39.546129],[-72.47826,-39.546128],[-72.478261,-39.546117],[-72.478226,-39.546116],[-72.478226,-39.546104],[-72.478191,-39.546103],[-72.478192,-39.54609],[-72.478157,-39.54609],[-72.478157,-39.546077],[-72.478122,-39.546076],[-72.478123,-39.546064],[-72.478088,-39.546063],[-72.477988,-39.548828],[-72.480011,-39.548872],[-72.480014,-39.548784],[-72.479979,-39.548783],[-72.47998,-39.548767],[-72.479945,-39.548766],[-72.479946,-39.54875],[-72.479911,-39.54875],[-72.479911,-39.548734],[-72.479842,-39.548732],[-72.479843,-39.5487],[-72.479808,-39.5487],[-72.479808,-39.548683],[-72.479774,-39.548682],[-72.479775,-39.548648],[-72.47974,-39.548647],[-72.479741,-39.548612],[-72.479706,-39.548611],[-72.479708,-39.548576],[-72.479673,-39.548576],[-72.479674,-39.548541],[-72.479639,-39.54854],[-72.479641,-39.548475],[-72.479607,-39.548474],[-72.479609,-39.548411],[-72.479574,-39.54841],[-72.479576,-39.548346],[-72.479541,-39.548345],[-72.479544,-39.548281],[-72.479509,-39.548281],[-72.479511,-39.548217],[-72.479476,-39.548216],[-72.479479,-39.548153],[-72.479444,-39.548153],[-72.479446,-39.548092],[-72.479411,-39.548092],[-72.479413,-39.548028],[-72.479378,-39.548027],[-72.479383,-39.547912],[-72.479348,-39.547911],[-72.479357,-39.547649],[-72.479392,-39.54765],[-72.479394,-39.547603],[-72.479429,-39.547604],[-72.479429,-39.547584],[-72.479464,-39.547585],[-72.479465,-39.547566],[-72.4795,-39.547567],[-72.4795,-39.547547],[-72.479535,-39.547548],[-72.479536,-39.547528],[-72.479571,-39.547529],[-72.479572,-39.547509],[-72.479607,-39.54751],[-72.479607,-39.547496],[-72.479642,-39.547496],[-72.479642,-39.547483],[-72.479677,-39.547483],[-72.479678,-39.54747],[-72.479713,-39.547471],[-72.479713,-39.547463],[-72.479748,-39.547464],[-72.479748,-39.547456],[-72.479783,-39.547457],[-72.479783,-39.54745],[-72.479993,-39.547446],[-72.480063,-39.547447],[-72.480062,-39.547454],[-72.480097,-39.547455],[-72.480097,-39.547464],[-72.480132,-39.547465],[-72.480131,-39.547475]]],[[[-72.480324,-39.548879],[-72.480778,-39.548889],[-72.480879,-39.546093],[-72.480844,-39.546092],[-72.480843,-39.546109],[-72.480809,-39.546109],[-72.480807,-39.546138],[-72.480773,-39.546137],[-72.480771,-39.546167],[-72.480737,-39.546167],[-72.480735,-39.546197],[-72.480701,-39.546196],[-72.4807,-39.546226],[-72.480665,-39.546225],[-72.480664,-39.546255],[-72.480629,-39.546254],[-72.480628,-39.546284],[-72.480593,-39.546284],[-72.480592,-39.546314],[-72.480557,-39.546313],[-72.480556,-39.546343],[-72.480521,-39.546342],[-72.48052,-39.546372],[-72.480485,-39.546371],[-72.480484,-39.546386],[-72.480449,-39.546385],[-72.480449,-39.5464],[-72.480414,-39.5464],[-72.480324,-39.548879]]]]}},{"type":"Feature","properties":{"id":"E3-S8","nombre":"Equipo 3 · Sector 8","layer":"sector","sector":"Sector 8","equipo_riego":"Equipo 3","equipo_id":3,"hectareas":5.4,"hileras":98,"etiquetas_plano":"8-3-S, 8-3-N","color":"#bd2e00"},"geometry":{"type":"MultiPolygon","coordinates":[[[[-72.475699,-39.550237],[-72.475664,-39.550236],[-72.475665,-39.550211],[-72.47563,-39.55021],[-72.475631,-39.550185],[-72.475596,-39.550184],[-72.475597,-39.550159],[-72.475562,-39.550158],[-72.475563,-39.550133],[-72.475528,-39.550133],[-72.475529,-39.550107],[-72.475494,-39.550107],[-72.475495,-39.550082],[-72.47546,-39.550081],[-72.475461,-39.550058],[-72.475426,-39.550057],[-72.475427,-39.55004],[-72.475392,-39.55004],[-72.475393,-39.550007],[-72.475358,-39.550006],[-72.475359,-39.549982],[-72.475324,-39.549981],[-72.475325,-39.549956],[-72.47529,-39.549956],[-72.475291,-39.549931],[-72.475256,-39.54993],[-72.475257,-39.549909],[-72.475222,-39.549908],[-72.475222,-39.549925],[-72.475187,-39.549924],[-72.475186,-39.549942],[-72.475082,-39.549937],[-72.475082,-39.549923],[-72.475047,-39.549922],[-72.475053,-39.54975],[-72.475019,-39.549749],[-72.475019,-39.549724],[-72.474985,-39.549724],[-72.474985,-39.549699],[-72.474951,-39.549698],[-72.474951,-39.549673],[-72.474917,-39.549673],[-72.474917,-39.549648],[-72.474883,-39.549647],[-72.474883,-39.549623],[-72.474849,-39.549622],[-72.474849,-39.549597],[-72.474815,-39.549596],[-72.474815,-39.549572],[-72.474781,-39.549571],[-72.474782,-39.549546],[-72.474747,-39.549545],[-72.474748,-39.549521],[-72.474713,-39.54952],[-72.474714,-39.549496],[-72.474679,-39.549495],[-72.47468,-39.54947],[-72.474645,-39.54947],[-72.474646,-39.549445],[-72.474611,-39.549445],[-72.474612,-39.54942],[-72.474577,-39.549419],[-72.474578,-39.549395],[-72.474543,-39.549394],[-72.474544,-39.54937],[-72.474509,-39.549369],[-72.474509,-39.549346],[-72.474475,-39.549346],[-72.474474,-39.549362],[-72.474439,-39.549361],[-72.474439,-39.549374],[-72.474334,-39.549371],[-72.474335,-39.549356],[-72.4743,-39.549356],[-72.474306,-39.54919],[-72.474271,-39.549189],[-72.474272,-39.549164],[-72.474237,-39.549163],[-72.474238,-39.549138],[-72.474203,-39.549137],[-72.474204,-39.549112],[-72.474169,-39.549111],[-72.47417,-39.549086],[-72.474135,-39.549085],[-72.474136,-39.54906],[-72.474101,-39.549059],[-72.474102,-39.549036],[-72.474067,-39.549035],[-72.473951,-39.552235],[-72.475695,-39.552272],[-72.475767,-39.550288],[-72.475732,-39.550288],[-72.475733,-39.550263],[-72.475698,-39.550262],[-72.475699,-39.550237]]],[[[-72.475818,-39.548873],[-72.474144,-39.548841],[-72.47414,-39.548956],[-72.474174,-39.548957],[-72.474174,-39.548982],[-72.474208,-39.548982],[-72.474208,-39.549007],[-72.474242,-39.549008],[-72.474242,-39.549033],[-72.474276,-39.549033],[-72.474276,-39.549058],[-72.47431,-39.549059],[-72.47431,-39.549083],[-72.474344,-39.549084],[-72.474344,-39.549109],[-72.474378,-39.54911],[-72.474378,-39.549134],[-72.474412,-39.549135],[-72.474412,-39.54916],[-72.474446,-39.54916],[-72.474446,-39.549185],[-72.47448,-39.549186],[-72.474479,-39.54921],[-72.474514,-39.549211],[-72.474513,-39.549236],[-72.474548,-39.549237],[-72.474547,-39.549261],[-72.474582,-39.549262],[-72.474581,-39.549287],[-72.474616,-39.549287],[-72.474615,-39.549312],[-72.47465,-39.549313],[-72.474649,-39.549338],[-72.474684,-39.549339],[-72.474683,-39.549365],[-72.474718,-39.549365],[-72.474717,-39.549391],[-72.474752,-39.549392],[-72.474751,-39.549417],[-72.474786,-39.549418],[-72.474785,-39.549443],[-72.47482,-39.549444],[-72.474819,-39.54947],[-72.474854,-39.54947],[-72.474853,-39.549496],[-72.474888,-39.549496],[-72.474887,-39.549521],[-72.474922,-39.549521],[-72.474921,-39.549546],[-72.474956,-39.549547],[-72.474955,-39.549571],[-72.47499,-39.549572],[-72.474989,-39.549596],[-72.475024,-39.549597],[-72.475023,-39.549621],[-72.475058,-39.549622],[-72.475057,-39.549647],[-72.475092,-39.549647],[-72.475091,-39.549672],[-72.475126,-39.549673],[-72.475125,-39.549697],[-72.47516,-39.549698],[-72.475159,-39.549722],[-72.475194,-39.549723],[-72.475193,-39.549747],[-72.475228,-39.549748],[-72.475227,-39.549772],[-72.475262,-39.549773],[-72.475261,-39.549798],[-72.475296,-39.549798],[-72.475295,-39.549823],[-72.47533,-39.549824],[-72.475329,-39.549848],[-72.475364,-39.549849],[-72.475363,-39.549875],[-72.475398,-39.549876],[-72.475397,-39.549902],[-72.475432,-39.549903],[-72.475431,-39.549929],[-72.475466,-39.54993],[-72.475465,-39.549956],[-72.4755,-39.549957],[-72.475499,-39.549984],[-72.475534,-39.549984],[-72.475533,-39.550011],[-72.475568,-39.550011],[-72.475567,-39.550038],[-72.475602,-39.550039],[-72.475601,-39.550065],[-72.475635,-39.550066],[-72.475635,-39.550089],[-72.475669,-39.55009],[-72.475669,-39.550114],[-72.475703,-39.550114],[-72.475703,-39.550138],[-72.475738,-39.550139],[-72.475737,-39.550162],[-72.475772,-39.550163],[-72.475818,-39.548873]]]]}},{"type":"Feature","properties":{"id":"E3-S9","nombre":"Equipo 3 · Sector 9","layer":"sector","sector":"Sector 9","equipo_riego":"Equipo 3","equipo_id":3,"hectareas":4.78,"hileras":92,"etiquetas_plano":"9-3, 9-3-S, 9-3-N","color":"#0000ff"},"geometry":{"type":"MultiPolygon","coordinates":[[[[-72.477961,-39.55056],[-72.478345,-39.550575],[-72.478404,-39.548934],[-72.476974,-39.548906],[-72.476913,-39.55059],[-72.476948,-39.550591],[-72.476948,-39.550583],[-72.477018,-39.550576],[-72.477019,-39.550568],[-72.477053,-39.550568],[-72.477054,-39.55056],[-72.477089,-39.550561],[-72.477089,-39.550552],[-72.477124,-39.550553],[-72.477124,-39.550544],[-72.477159,-39.550545],[-72.477159,-39.550537],[-72.477194,-39.550537],[-72.477195,-39.550529],[-72.477229,-39.55053],[-72.477241,-39.550204],[-72.47759,-39.550216],[-72.477589,-39.55025],[-72.477624,-39.550251],[-72.477622,-39.550285],[-72.477657,-39.550286],[-72.477656,-39.55032],[-72.477691,-39.550321],[-72.47769,-39.550347],[-72.477725,-39.550347],[-72.477724,-39.550373],[-72.477759,-39.550374],[-72.477758,-39.5504],[-72.477793,-39.550401],[-72.477792,-39.550427],[-72.477827,-39.550427],[-72.477826,-39.550453],[-72.477861,-39.550454],[-72.47786,-39.55048],[-72.477895,-39.550481],[-72.477894,-39.550506],[-72.477928,-39.550507],[-72.477928,-39.550533],[-72.477962,-39.550534],[-72.477961,-39.55056]]],[[[-72.476613,-39.551034],[-72.476578,-39.551033],[-72.476583,-39.550902],[-72.476548,-39.550901],[-72.476549,-39.550876],[-72.476514,-39.550876],[-72.476515,-39.55085],[-72.47648,-39.550849],[-72.476481,-39.550824],[-72.476446,-39.550823],[-72.476447,-39.550798],[-72.476412,-39.550797],[-72.476413,-39.550772],[-72.476378,-39.550772],[-72.476379,-39.550746],[-72.476344,-39.550746],[-72.476345,-39.55072],[-72.47631,-39.55072],[-72.476311,-39.550694],[-72.476276,-39.550694],[-72.476277,-39.550669],[-72.476242,-39.550668],[-72.476243,-39.550643],[-72.476208,-39.550642],[-72.476209,-39.550618],[-72.476174,-39.550617],[-72.476175,-39.550593],[-72.47614,-39.550592],[-72.476141,-39.550568],[-72.476106,-39.550567],[-72.476107,-39.550543],[-72.476072,-39.550542],[-72.476073,-39.550518],[-72.476038,-39.550517],[-72.476039,-39.550493],[-72.476004,-39.550492],[-72.476005,-39.550469],[-72.475935,-39.550472],[-72.475934,-39.55049],[-72.475829,-39.550492],[-72.47583,-39.550479],[-72.475795,-39.550479],[-72.475796,-39.550449],[-72.475761,-39.550449],[-72.475695,-39.552272],[-72.476567,-39.552291],[-72.476602,-39.551341],[-72.476636,-39.551342],[-72.476645,-39.551099],[-72.47661,-39.551098],[-72.476613,-39.551034]]],[[[-72.476587,-39.55078],[-72.476586,-39.550805],[-72.476621,-39.550806],[-72.47669,-39.54889],[-72.475818,-39.548873],[-72.475771,-39.550187],[-72.475806,-39.550188],[-72.475805,-39.550215],[-72.475839,-39.550215],[-72.475839,-39.55024],[-72.475873,-39.55024],[-72.475873,-39.550265],[-72.475907,-39.550266],[-72.475907,-39.550291],[-72.475941,-39.550292],[-72.475941,-39.550317],[-72.475975,-39.550317],[-72.475975,-39.550342],[-72.476009,-39.550343],[-72.476008,-39.550368],[-72.476043,-39.550369],[-72.476042,-39.550394],[-72.476077,-39.550394],[-72.476076,-39.550419],[-72.476111,-39.55042],[-72.47611,-39.550445],[-72.476145,-39.550446],[-72.476144,-39.550471],[-72.476179,-39.550472],[-72.476178,-39.550497],[-72.476213,-39.550497],[-72.476212,-39.550522],[-72.476247,-39.550523],[-72.476246,-39.550548],[-72.476281,-39.550549],[-72.47628,-39.550574],[-72.476315,-39.550574],[-72.476314,-39.550599],[-72.476349,-39.5506],[-72.476348,-39.550625],[-72.476383,-39.550626],[-72.476382,-39.550651],[-72.476417,-39.550652],[-72.476416,-39.550677],[-72.476451,-39.550677],[-72.47645,-39.550702],[-72.476485,-39.550703],[-72.476484,-39.550728],[-72.476519,-39.550729],[-72.476518,-39.550754],[-72.476553,-39.550754],[-72.476552,-39.550779],[-72.476587,-39.55078]]]]}},{"type":"Feature","properties":{"id":"E3-S10","nombre":"Equipo 3 · Sector 10","layer":"sector","sector":"Sector 10","equipo_riego":"Equipo 3","equipo_id":3,"hectareas":5.02,"hileras":119,"etiquetas_plano":"10-3-N, (sin etiqueta), 10-3-S","color":"#414141"},"geometry":{"type":"MultiPolygon","coordinates":[[[[-72.478345,-39.550575],[-72.480019,-39.550613],[-72.480079,-39.548971],[-72.478404,-39.548934],[-72.478345,-39.550575]]],[[[-72.480162,-39.552371],[-72.480651,-39.55238],[-72.480773,-39.548985],[-72.480285,-39.548979],[-72.480162,-39.552371]]],[[[-72.481484,-39.552495],[-72.479496,-39.552445],[-72.47949,-39.552607],[-72.479525,-39.552607],[-72.479524,-39.552631],[-72.479559,-39.552632],[-72.479558,-39.552655],[-72.479593,-39.552656],[-72.479593,-39.552678],[-72.479627,-39.552678],[-72.479627,-39.552703],[-72.479661,-39.552704],[-72.479661,-39.552728],[-72.479695,-39.552728],[-72.479695,-39.552752],[-72.479729,-39.552753],[-72.479729,-39.552776],[-72.479763,-39.552777],[-72.479763,-39.5528],[-72.479798,-39.552801],[-72.479797,-39.552825],[-72.479832,-39.552825],[-72.479831,-39.552849],[-72.479866,-39.55285],[-72.479865,-39.552873],[-72.4799,-39.552874],[-72.479899,-39.552897],[-72.479934,-39.552898],[-72.479933,-39.552922],[-72.479968,-39.552923],[-72.479967,-39.552946],[-72.480002,-39.552947],[-72.480001,-39.552971],[-72.480036,-39.552972],[-72.480035,-39.552996],[-72.48007,-39.552996],[-72.480069,-39.55302],[-72.480104,-39.553021],[-72.480103,-39.553045],[-72.480138,-39.553046],[-72.480137,-39.553069],[-72.480172,-39.55307],[-72.480171,-39.553094],[-72.480206,-39.553095],[-72.480205,-39.553119],[-72.48024,-39.553119],[-72.480239,-39.553143],[-72.480274,-39.553144],[-72.480273,-39.553158],[-72.480343,-39.553158],[-72.480344,-39.553147],[-72.480379,-39.553147],[-72.480379,-39.553136],[-72.480414,-39.553137],[-72.480414,-39.55312],[-72.480449,-39.553121],[-72.48045,-39.553103],[-72.480485,-39.553104],[-72.480485,-39.553087],[-72.48052,-39.553088],[-72.480521,-39.55307],[-72.480556,-39.553071],[-72.480556,-39.553054],[-72.480591,-39.553055],[-72.480592,-39.553037],[-72.480627,-39.553038],[-72.480627,-39.553021],[-72.480662,-39.553022],[-72.480663,-39.553004],[-72.480698,-39.553005],[-72.480698,-39.552988],[-72.480733,-39.552989],[-72.480734,-39.552971],[-72.480769,-39.552972],[-72.48077,-39.552955],[-72.480804,-39.552956],[-72.480805,-39.552938],[-72.48084,-39.552939],[-72.480841,-39.552922],[-72.480875,-39.552923],[-72.480876,-39.552905],[-72.480911,-39.552905],[-72.480912,-39.552889],[-72.480946,-39.552889],[-72.480947,-39.55287],[-72.480982,-39.552871],[-72.480983,-39.552853],[-72.481018,-39.552854],[-72.481018,-39.552836],[-72.481053,-39.552837],[-72.481054,-39.552819],[-72.481089,-39.55282],[-72.481089,-39.552802],[-72.481124,-39.552803],[-72.481125,-39.552785],[-72.48116,-39.552786],[-72.48116,-39.552768],[-72.481195,-39.552769],[-72.481196,-39.552751],[-72.481231,-39.552751],[-72.481231,-39.552734],[-72.481266,-39.552735],[-72.481267,-39.552717],[-72.481302,-39.552718],[-72.481302,-39.5527],[-72.481337,-39.552701],[-72.481338,-39.552683],[-72.481373,-39.552684],[-72.481373,-39.552667],[-72.481408,-39.552667],[-72.481409,-39.55265],[-72.481444,-39.552651],[-72.481444,-39.552633],[-72.481479,-39.552634],[-72.481484,-39.552495]]]]}},{"type":"Feature","properties":{"id":"E4-S1","nombre":"Equipo 4 · Sector 1","layer":"sector","sector":"Sector 1","equipo_riego":"Equipo 4","equipo_id":4,"hectareas":2.62,"hileras":115,"etiquetas_plano":"1-4, 1-4","color":"#00ff00"},"geometry":{"type":"MultiPolygon","coordinates":[[[[-72.487094,-39.549842],[-72.487059,-39.549842],[-72.487059,-39.549855],[-72.487024,-39.549854],[-72.487024,-39.549868],[-72.486989,-39.549867],[-72.486988,-39.549881],[-72.486953,-39.54988],[-72.486953,-39.549894],[-72.486918,-39.549893],[-72.486917,-39.549907],[-72.486883,-39.549906],[-72.486882,-39.549919],[-72.486847,-39.549919],[-72.486847,-39.549933],[-72.486812,-39.549932],[-72.486811,-39.549947],[-72.486776,-39.549946],[-72.486776,-39.549961],[-72.486741,-39.54996],[-72.48674,-39.549975],[-72.486705,-39.549974],[-72.486705,-39.549989],[-72.48667,-39.549989],[-72.48667,-39.550003],[-72.486635,-39.550003],[-72.486634,-39.550018],[-72.486599,-39.550017],[-72.486599,-39.550032],[-72.486564,-39.550031],[-72.486563,-39.550046],[-72.486528,-39.550045],[-72.486528,-39.550061],[-72.486493,-39.55006],[-72.486492,-39.550076],[-72.486457,-39.550075],[-72.486457,-39.550093],[-72.486422,-39.550092],[-72.486421,-39.550116],[-72.486386,-39.550115],[-72.486386,-39.550125],[-72.486351,-39.550125],[-72.48635,-39.55014],[-72.486316,-39.550139],[-72.486315,-39.550157],[-72.48628,-39.550156],[-72.486279,-39.550174],[-72.486244,-39.550173],[-72.486244,-39.550191],[-72.486209,-39.55019],[-72.486208,-39.550208],[-72.486173,-39.550207],[-72.486173,-39.550225],[-72.486138,-39.550224],[-72.486137,-39.55024],[-72.486102,-39.55024],[-72.486102,-39.550256],[-72.486067,-39.550255],[-72.486066,-39.550271],[-72.486031,-39.55027],[-72.486031,-39.550281],[-72.485507,-39.550291],[-72.485471,-39.551287],[-72.485506,-39.551288],[-72.485506,-39.551277],[-72.485541,-39.551278],[-72.485542,-39.551268],[-72.485577,-39.551268],[-72.485577,-39.551258],[-72.485612,-39.551259],[-72.485612,-39.551248],[-72.485647,-39.551249],[-72.485647,-39.551239],[-72.485682,-39.551239],[-72.485683,-39.551229],[-72.485718,-39.55123],[-72.485718,-39.551219],[-72.485788,-39.55121],[-72.485788,-39.5512],[-72.485823,-39.5512],[-72.485824,-39.55119],[-72.485894,-39.551181],[-72.485894,-39.55117],[-72.485929,-39.551171],[-72.48593,-39.551157],[-72.485965,-39.551158],[-72.485965,-39.551143],[-72.486,-39.551144],[-72.486,-39.55113],[-72.486035,-39.55113],[-72.486036,-39.551116],[-72.486071,-39.551117],[-72.486071,-39.551102],[-72.486106,-39.551103],[-72.486107,-39.551088],[-72.486142,-39.551089],[-72.486142,-39.551074],[-72.486177,-39.551075],[-72.486178,-39.55106],[-72.486212,-39.551061],[-72.486213,-39.551047],[-72.486248,-39.551047],[-72.486248,-39.551031],[-72.486283,-39.551032],[-72.486284,-39.551015],[-72.486319,-39.551015],[-72.486319,-39.550998],[-72.486354,-39.550999],[-72.486355,-39.550982],[-72.48639,-39.550983],[-72.48639,-39.550966],[-72.486425,-39.550967],[-72.486426,-39.55095],[-72.486461,-39.55095],[-72.486461,-39.550933],[-72.486496,-39.550934],[-72.486497,-39.550917],[-72.486532,-39.550918],[-72.486532,-39.550899],[-72.486567,-39.550899],[-72.486568,-39.550879],[-72.486603,-39.55088],[-72.486604,-39.55086],[-72.486639,-39.550861],[-72.486639,-39.550841],[-72.486674,-39.550842],[-72.486675,-39.550822],[-72.48671,-39.550822],[-72.48671,-39.550802],[-72.486745,-39.550803],[-72.486746,-39.550783],[-72.486781,-39.550784],[-72.486782,-39.550764],[-72.486817,-39.550765],[-72.486817,-39.550746],[-72.486852,-39.550747],[-72.486853,-39.550729],[-72.486888,-39.55073],[-72.486888,-39.550712],[-72.486923,-39.550713],[-72.486924,-39.550695],[-72.486959,-39.550696],[-72.486959,-39.550678],[-72.486994,-39.550679],[-72.486995,-39.550661],[-72.48703,-39.550661],[-72.48703,-39.550644],[-72.487065,-39.550644],[-72.487066,-39.550626],[-72.487101,-39.550627],[-72.48713,-39.54983],[-72.487095,-39.549829],[-72.487094,-39.549842]]],[[[-72.488475,-39.550436],[-72.489587,-39.550567],[-72.489596,-39.550325],[-72.489561,-39.550324],[-72.489562,-39.550312],[-72.489527,-39.550311],[-72.489527,-39.550299],[-72.489492,-39.550298],[-72.489493,-39.550285],[-72.489458,-39.550285],[-72.489458,-39.550272],[-72.489423,-39.550271],[-72.489424,-39.550259],[-72.489354,-39.550247],[-72.489355,-39.550232],[-72.48932,-39.550232],[-72.48932,-39.550219],[-72.489286,-39.550218],[-72.489286,-39.550206],[-72.489217,-39.550194],[-72.489217,-39.55018],[-72.489182,-39.550179],[-72.489183,-39.550166],[-72.489148,-39.550166],[-72.489148,-39.550153],[-72.489113,-39.550152],[-72.489114,-39.55014],[-72.489079,-39.550139],[-72.489079,-39.550127],[-72.489045,-39.550126],[-72.489045,-39.550114],[-72.48901,-39.550113],[-72.489011,-39.5501],[-72.488976,-39.5501],[-72.488976,-39.550087],[-72.488941,-39.550086],[-72.488942,-39.550074],[-72.488907,-39.550073],[-72.488907,-39.550061],[-72.488872,-39.55006],[-72.488873,-39.550048],[-72.488838,-39.550047],[-72.488838,-39.550034],[-72.488803,-39.550034],[-72.488804,-39.550021],[-72.488769,-39.55002],[-72.48877,-39.550008],[-72.488735,-39.550007],[-72.488735,-39.549995],[-72.4887,-39.549994],[-72.488701,-39.549981],[-72.488666,-39.54998],[-72.488666,-39.549967],[-72.488631,-39.549967],[-72.488632,-39.549954],[-72.488597,-39.549953],[-72.488597,-39.54994],[-72.488563,-39.549939],[-72.488563,-39.549926],[-72.488528,-39.549926],[-72.488529,-39.549913],[-72.488494,-39.549912],[-72.488494,-39.549899],[-72.488459,-39.549898],[-72.48846,-39.549885],[-72.488425,-39.549884],[-72.488425,-39.549872],[-72.48839,-39.549871],[-72.488391,-39.549858],[-72.488356,-39.549857],[-72.488356,-39.549844],[-72.488322,-39.549843],[-72.488322,-39.54983],[-72.488287,-39.54983],[-72.488288,-39.549817],[-72.488253,-39.549816],[-72.488253,-39.549803],[-72.488218,-39.549802],[-72.488219,-39.549789],[-72.488184,-39.549789],[-72.488184,-39.549776],[-72.48815,-39.549775],[-72.48815,-39.549762],[-72.488115,-39.549761],[-72.488116,-39.549748],[-72.488081,-39.549748],[-72.488081,-39.549735],[-72.488046,-39.549734],[-72.488047,-39.549721],[-72.488012,-39.54972],[-72.488012,-39.549707],[-72.487977,-39.549707],[-72.487978,-39.549694],[-72.487874,-39.549679],[-72.487873,-39.549686],[-72.487768,-39.549699],[-72.487768,-39.549706],[-72.487733,-39.549705],[-72.487733,-39.549713],[-72.487628,-39.549725],[-72.487627,-39.549732],[-72.487593,-39.549732],[-72.487592,-39.549739],[-72.487487,-39.549752],[-72.487487,-39.549759],[-72.487452,-39.549758],[-72.487452,-39.549765],[-72.487417,-39.549765],[-72.487417,-39.549772],[-72.487382,-39.549771],[-72.487381,-39.549778],[-72.487346,-39.549778],[-72.487346,-39.549785],[-72.487311,-39.549784],[-72.487311,-39.549791],[-72.487206,-39.549803],[-72.487178,-39.550569],[-72.487213,-39.55057],[-72.487214,-39.550559],[-72.487248,-39.550559],[-72.487249,-39.550549],[-72.487284,-39.550549],[-72.487284,-39.550538],[-72.487319,-39.550539],[-72.487319,-39.550528],[-72.487354,-39.550529],[-72.487355,-39.550518],[-72.48739,-39.550519],[-72.48739,-39.550512],[-72.487425,-39.550513],[-72.487425,-39.550506],[-72.48746,-39.550507],[-72.48746,-39.5505],[-72.487495,-39.550501],[-72.487495,-39.550494],[-72.487776,-39.550457],[-72.488196,-39.550427],[-72.488475,-39.550436]]]]}},{"type":"Feature","properties":{"id":"E4-S2","nombre":"Equipo 4 · Sector 2","layer":"sector","sector":"Sector 2","equipo_riego":"Equipo 4","equipo_id":4,"hectareas":2.85,"hileras":55,"etiquetas_plano":"2-4","color":"#aabfff"},"geometry":{"type":"Polygon","coordinates":[[[-72.48665,-39.548629],[-72.486652,-39.54855],[-72.486618,-39.548549],[-72.48662,-39.548472],[-72.486586,-39.548471],[-72.486588,-39.548394],[-72.486553,-39.548393],[-72.486556,-39.548316],[-72.486521,-39.548316],[-72.486524,-39.548247],[-72.486489,-39.548246],[-72.486489,-39.548232],[-72.486455,-39.548231],[-72.486455,-39.548216],[-72.48642,-39.548216],[-72.486421,-39.548201],[-72.486386,-39.5482],[-72.486386,-39.548186],[-72.486351,-39.548185],[-72.486352,-39.54817],[-72.486317,-39.54817],[-72.486318,-39.548155],[-72.486283,-39.548154],[-72.486283,-39.54814],[-72.486248,-39.548139],[-72.486249,-39.548125],[-72.486214,-39.548125],[-72.486215,-39.548111],[-72.48618,-39.54811],[-72.48618,-39.548097],[-72.486145,-39.548096],[-72.486146,-39.548082],[-72.486111,-39.548082],[-72.486111,-39.548068],[-72.486076,-39.548067],[-72.486077,-39.548054],[-72.486042,-39.548053],[-72.486043,-39.54804],[-72.486008,-39.548039],[-72.486008,-39.548026],[-72.485973,-39.548025],[-72.485974,-39.548013],[-72.485939,-39.548012],[-72.485939,-39.547999],[-72.485904,-39.547998],[-72.485905,-39.547986],[-72.48587,-39.547985],[-72.48587,-39.547972],[-72.485836,-39.547971],[-72.485836,-39.547959],[-72.485801,-39.547958],[-72.485802,-39.547945],[-72.485767,-39.547945],[-72.485767,-39.547933],[-72.485732,-39.547932],[-72.485733,-39.54792],[-72.485698,-39.547919],[-72.485698,-39.547906],[-72.485663,-39.547905],[-72.485664,-39.547885],[-72.485629,-39.547884],[-72.48563,-39.54785],[-72.485596,-39.54785],[-72.485597,-39.547804],[-72.485562,-39.547803],[-72.485564,-39.547757],[-72.485529,-39.547756],[-72.485531,-39.547713],[-72.485496,-39.547712],[-72.485496,-39.547698],[-72.485461,-39.547697],[-72.485462,-39.547682],[-72.485427,-39.547682],[-72.485428,-39.547667],[-72.485393,-39.547666],[-72.485393,-39.547652],[-72.485358,-39.547651],[-72.485359,-39.547641],[-72.485324,-39.54764],[-72.485324,-39.54763],[-72.485289,-39.54763],[-72.48529,-39.54762],[-72.485255,-39.547619],[-72.485255,-39.547612],[-72.48522,-39.547611],[-72.48522,-39.547605],[-72.485186,-39.547604],[-72.485186,-39.547598],[-72.484837,-39.547575],[-72.484765,-39.549572],[-72.485636,-39.549635],[-72.485636,-39.549619],[-72.485671,-39.54962],[-72.485672,-39.549602],[-72.485707,-39.549603],[-72.485707,-39.549585],[-72.485742,-39.549586],[-72.485743,-39.549568],[-72.485778,-39.549569],[-72.485778,-39.549552],[-72.485813,-39.549552],[-72.485814,-39.549535],[-72.485849,-39.549536],[-72.48585,-39.549518],[-72.485884,-39.549519],[-72.485885,-39.549502],[-72.48592,-39.549503],[-72.485921,-39.549485],[-72.485955,-39.549486],[-72.485956,-39.549469],[-72.485991,-39.54947],[-72.485991,-39.549454],[-72.486026,-39.549455],[-72.486027,-39.549438],[-72.486062,-39.549439],[-72.486062,-39.549424],[-72.486097,-39.549424],[-72.486098,-39.549409],[-72.486133,-39.54941],[-72.486133,-39.549395],[-72.486168,-39.549395],[-72.486169,-39.54938],[-72.486204,-39.549381],[-72.486204,-39.549366],[-72.486239,-39.549366],[-72.48624,-39.549351],[-72.486274,-39.549352],[-72.486275,-39.549337],[-72.48631,-39.549337],[-72.48631,-39.549323],[-72.486345,-39.549324],[-72.486346,-39.549309],[-72.486381,-39.54931],[-72.486381,-39.549296],[-72.486416,-39.549297],[-72.486417,-39.549282],[-72.486451,-39.549283],[-72.486452,-39.549269],[-72.486487,-39.54927],[-72.486487,-39.549255],[-72.486522,-39.549256],[-72.486523,-39.549242],[-72.486558,-39.549242],[-72.486558,-39.549228],[-72.486593,-39.549229],[-72.486594,-39.549214],[-72.486628,-39.549215],[-72.486629,-39.5492],[-72.486664,-39.549201],[-72.486664,-39.549186],[-72.486699,-39.549187],[-72.486717,-39.54871],[-72.486682,-39.548709],[-72.486685,-39.54863],[-72.48665,-39.548629]]]}},{"type":"Feature","properties":{"id":"E4-S3","nombre":"Equipo 4 · Sector 3","layer":"sector","sector":"Sector 3","equipo_riego":"Equipo 4","equipo_id":4,"hectareas":2.26,"hileras":29,"etiquetas_plano":"3-4","color":"#ff0000"},"geometry":{"type":"Polygon","coordinates":[[[-72.484174,-39.549522],[-72.484765,-39.549572],[-72.484837,-39.547575],[-72.484489,-39.547551],[-72.48449,-39.547539],[-72.484455,-39.547538],[-72.484455,-39.547524],[-72.48442,-39.547524],[-72.484421,-39.547509],[-72.484386,-39.547508],[-72.484387,-39.547494],[-72.484352,-39.547493],[-72.484374,-39.546881],[-72.484339,-39.54688],[-72.48434,-39.546864],[-72.484305,-39.546863],[-72.484305,-39.546846],[-72.48427,-39.546846],[-72.484271,-39.546829],[-72.484236,-39.546829],[-72.484237,-39.546812],[-72.484202,-39.546811],[-72.484202,-39.546795],[-72.484168,-39.546794],[-72.484168,-39.546778],[-72.484133,-39.546777],[-72.484134,-39.546761],[-72.484099,-39.54676],[-72.4841,-39.546743],[-72.484065,-39.546743],[-72.484065,-39.546726],[-72.48403,-39.546726],[-72.484031,-39.546709],[-72.483996,-39.546709],[-72.483997,-39.546693],[-72.483962,-39.546692],[-72.483962,-39.546676],[-72.483927,-39.546675],[-72.483928,-39.546659],[-72.483893,-39.546658],[-72.483894,-39.546642],[-72.483859,-39.546641],[-72.483764,-39.549255],[-72.483799,-39.549255],[-72.483798,-39.549281],[-72.483833,-39.549281],[-72.483832,-39.549307],[-72.483867,-39.549307],[-72.483866,-39.549333],[-72.483901,-39.549333],[-72.4839,-39.549359],[-72.483935,-39.549359],[-72.483934,-39.549385],[-72.483969,-39.549385],[-72.483968,-39.549411],[-72.484003,-39.549411],[-72.484002,-39.549432],[-72.484037,-39.549433],[-72.484036,-39.549454],[-72.484071,-39.549454],[-72.484071,-39.549475],[-72.484106,-39.549476],[-72.484105,-39.549491],[-72.48414,-39.549492],[-72.484139,-39.549507],[-72.484174,-39.549508],[-72.484174,-39.549522]]]}},{"type":"Feature","properties":{"id":"E4-S4","nombre":"Equipo 4 · Sector 4","layer":"sector","sector":"Sector 4","equipo_riego":"Equipo 4","equipo_id":4,"hectareas":2.76,"hileras":32,"etiquetas_plano":"4-4","color":"#bf00ff"},"geometry":{"type":"Polygon","coordinates":[[[-72.48369,-39.546537],[-72.483656,-39.546536],[-72.483656,-39.546519],[-72.483621,-39.546518],[-72.483622,-39.546501],[-72.483587,-39.5465],[-72.483588,-39.546483],[-72.483553,-39.546482],[-72.483553,-39.546465],[-72.483519,-39.546464],[-72.483519,-39.546447],[-72.483484,-39.546446],[-72.483485,-39.54643],[-72.48345,-39.54643],[-72.483451,-39.546414],[-72.483416,-39.546413],[-72.483416,-39.546397],[-72.483381,-39.546396],[-72.483382,-39.54638],[-72.483347,-39.546379],[-72.483348,-39.546363],[-72.483313,-39.546362],[-72.483313,-39.546346],[-72.483278,-39.546346],[-72.483279,-39.54633],[-72.483244,-39.546329],[-72.483245,-39.546313],[-72.48321,-39.546312],[-72.48321,-39.546296],[-72.483176,-39.546295],[-72.483176,-39.546279],[-72.483141,-39.546278],[-72.483142,-39.546262],[-72.483107,-39.546261],[-72.483108,-39.546245],[-72.483073,-39.546244],[-72.483073,-39.546228],[-72.483038,-39.546227],[-72.483039,-39.546211],[-72.483004,-39.546211],[-72.483005,-39.546195],[-72.48297,-39.546194],[-72.48297,-39.546178],[-72.482935,-39.546177],[-72.482936,-39.546161],[-72.482901,-39.546161],[-72.482902,-39.546145],[-72.482867,-39.546144],[-72.482867,-39.546128],[-72.482833,-39.546127],[-72.482833,-39.546111],[-72.482798,-39.54611],[-72.482799,-39.546096],[-72.482729,-39.546094],[-72.48273,-39.546058],[-72.482695,-39.546057],[-72.482696,-39.546039],[-72.482661,-39.546038],[-72.482662,-39.546021],[-72.482627,-39.54602],[-72.482522,-39.548934],[-72.482731,-39.548937],[-72.482732,-39.548908],[-72.482767,-39.548909],[-72.482768,-39.548878],[-72.482803,-39.548879],[-72.482804,-39.548848],[-72.482839,-39.548849],[-72.48284,-39.548818],[-72.482875,-39.548819],[-72.482876,-39.548788],[-72.482911,-39.548789],[-72.482912,-39.548756],[-72.482947,-39.548756],[-72.482948,-39.548734],[-72.482983,-39.548735],[-72.482983,-39.548715],[-72.483018,-39.548715],[-72.483019,-39.5487],[-72.483089,-39.548702],[-72.483088,-39.548712],[-72.483123,-39.548713],[-72.483122,-39.548739],[-72.483157,-39.548739],[-72.483156,-39.548765],[-72.483191,-39.548766],[-72.48319,-39.548791],[-72.483225,-39.548792],[-72.483224,-39.548817],[-72.483259,-39.548818],[-72.483258,-39.548845],[-72.483293,-39.548846],[-72.483292,-39.548873],[-72.483327,-39.548873],[-72.483326,-39.548901],[-72.483361,-39.548901],[-72.48336,-39.548928],[-72.483395,-39.548929],[-72.483394,-39.548955],[-72.483428,-39.548956],[-72.483428,-39.548982],[-72.483462,-39.548983],[-72.483461,-39.549009],[-72.483496,-39.54901],[-72.483495,-39.549036],[-72.48353,-39.549037],[-72.483529,-39.549064],[-72.483564,-39.549064],[-72.483563,-39.549091],[-72.483598,-39.549091],[-72.483597,-39.549118],[-72.483632,-39.549119],[-72.483725,-39.546554],[-72.48369,-39.546554],[-72.48369,-39.546537]]]}},{"type":"Feature","properties":{"id":"E4-S5","nombre":"Equipo 4 · Sector 5","layer":"sector","sector":"Sector 5","equipo_riego":"Equipo 4","equipo_id":4,"hectareas":2.6,"hileras":25,"etiquetas_plano":"5-4","color":"#ffd4aa"},"geometry":{"type":"Polygon","coordinates":[[[-72.48165,-39.548912],[-72.482522,-39.548933],[-72.482628,-39.546002],[-72.482593,-39.546001],[-72.482593,-39.545984],[-72.482558,-39.545983],[-72.482559,-39.545965],[-72.482524,-39.545964],[-72.482525,-39.545947],[-72.48249,-39.545946],[-72.482491,-39.545928],[-72.482456,-39.545927],[-72.482456,-39.545909],[-72.482422,-39.545909],[-72.482422,-39.545891],[-72.482387,-39.54589],[-72.482388,-39.545872],[-72.482353,-39.545872],[-72.482354,-39.545854],[-72.482319,-39.545853],[-72.482319,-39.54584],[-72.482284,-39.54584],[-72.482285,-39.545827],[-72.48225,-39.545826],[-72.48225,-39.545813],[-72.482216,-39.545812],[-72.482216,-39.545799],[-72.482181,-39.545799],[-72.482182,-39.545786],[-72.482147,-39.545785],[-72.482147,-39.545772],[-72.482112,-39.545771],[-72.482113,-39.545758],[-72.482078,-39.545758],[-72.482078,-39.545745],[-72.482043,-39.545744],[-72.482044,-39.545731],[-72.482009,-39.54573],[-72.48201,-39.545717],[-72.481975,-39.545717],[-72.481975,-39.545704],[-72.48194,-39.545703],[-72.481941,-39.54569],[-72.481906,-39.545689],[-72.481906,-39.545676],[-72.481871,-39.545676],[-72.481872,-39.545663],[-72.481837,-39.545662],[-72.481837,-39.54565],[-72.481768,-39.545651],[-72.48165,-39.548912]]]}},{"type":"Feature","properties":{"id":"E4-S6","nombre":"Equipo 4 · Sector 6","layer":"sector","sector":"Sector 6","equipo_riego":"Equipo 4","equipo_id":4,"hectareas":2.54,"hileras":25,"etiquetas_plano":"6-4","color":"#adbd7e"},"geometry":{"type":"Polygon","coordinates":[[[-72.480778,-39.548889],[-72.48165,-39.548911],[-72.481767,-39.545654],[-72.481698,-39.545656],[-72.481697,-39.545675],[-72.481662,-39.545674],[-72.481661,-39.545693],[-72.481626,-39.545692],[-72.481626,-39.545711],[-72.481591,-39.54571],[-72.48159,-39.545729],[-72.481555,-39.545729],[-72.481555,-39.545748],[-72.48152,-39.545747],[-72.481519,-39.545766],[-72.481484,-39.545765],[-72.481484,-39.545784],[-72.481449,-39.545783],[-72.481448,-39.545802],[-72.481413,-39.545801],[-72.481412,-39.54582],[-72.481377,-39.54582],[-72.481377,-39.545839],[-72.481342,-39.545838],[-72.481341,-39.545857],[-72.481306,-39.545856],[-72.481306,-39.545875],[-72.481271,-39.545874],[-72.48127,-39.545893],[-72.481235,-39.545892],[-72.481235,-39.545911],[-72.4812,-39.54591],[-72.481199,-39.545929],[-72.481164,-39.545928],[-72.481163,-39.545947],[-72.481129,-39.545946],[-72.481128,-39.545965],[-72.481093,-39.545964],[-72.481092,-39.545983],[-72.481057,-39.545982],[-72.481057,-39.546001],[-72.481022,-39.546],[-72.481021,-39.546019],[-72.480986,-39.546018],[-72.480986,-39.546037],[-72.480951,-39.546036],[-72.48095,-39.546055],[-72.480915,-39.546054],[-72.480915,-39.546073],[-72.48088,-39.546073],[-72.480778,-39.548889]]]}},{"type":"Feature","properties":{"id":"E4-S7","nombre":"Equipo 4 · Sector 7","layer":"sector","sector":"Sector 7","equipo_riego":"Equipo 4","equipo_id":4,"hectareas":2.54,"hileras":51,"etiquetas_plano":"7-4","color":"#ffaabf"},"geometry":{"type":"Polygon","coordinates":[[[-72.485435,-39.551307],[-72.485436,-39.551297],[-72.485471,-39.551298],[-72.485507,-39.550292],[-72.483728,-39.550259],[-72.483657,-39.552217],[-72.483692,-39.552218],[-72.483692,-39.552205],[-72.483727,-39.552206],[-72.483728,-39.552193],[-72.483763,-39.552193],[-72.483763,-39.55218],[-72.483798,-39.552181],[-72.483798,-39.552168],[-72.483833,-39.552168],[-72.483834,-39.552155],[-72.483869,-39.552156],[-72.483869,-39.552138],[-72.483904,-39.552139],[-72.483905,-39.55212],[-72.48394,-39.552121],[-72.48394,-39.552102],[-72.483975,-39.552103],[-72.483976,-39.552083],[-72.484011,-39.552084],[-72.484012,-39.552065],[-72.484046,-39.552066],[-72.484047,-39.552047],[-72.484082,-39.552047],[-72.484083,-39.552028],[-72.484118,-39.552029],[-72.484118,-39.55201],[-72.484153,-39.552011],[-72.484154,-39.551992],[-72.484189,-39.551993],[-72.484189,-39.551974],[-72.484224,-39.551974],[-72.484225,-39.551955],[-72.48426,-39.551956],[-72.484261,-39.551936],[-72.484296,-39.551937],[-72.484296,-39.551917],[-72.484331,-39.551917],[-72.484332,-39.551897],[-72.484367,-39.551898],[-72.484367,-39.551878],[-72.484402,-39.551878],[-72.484403,-39.551858],[-72.484438,-39.551859],[-72.484439,-39.551839],[-72.484474,-39.551839],[-72.484474,-39.551819],[-72.484509,-39.55182],[-72.48451,-39.5518],[-72.484545,-39.5518],[-72.484546,-39.55178],[-72.48458,-39.551781],[-72.484581,-39.551761],[-72.484616,-39.551761],[-72.484617,-39.551741],[-72.484652,-39.551742],[-72.484652,-39.551722],[-72.484687,-39.551722],[-72.484688,-39.551702],[-72.484723,-39.551703],[-72.484724,-39.551681],[-72.484759,-39.551682],[-72.484759,-39.551659],[-72.484794,-39.55166],[-72.484795,-39.551637],[-72.48483,-39.551638],[-72.484831,-39.551616],[-72.484866,-39.551616],[-72.484867,-39.551594],[-72.484901,-39.551595],[-72.484902,-39.551572],[-72.484937,-39.551573],[-72.484938,-39.55155],[-72.484973,-39.551551],[-72.484974,-39.551529],[-72.485008,-39.551529],[-72.485009,-39.551507],[-72.485044,-39.551508],[-72.485045,-39.551485],[-72.48508,-39.551486],[-72.485081,-39.551464],[-72.485116,-39.551464],[-72.485116,-39.551442],[-72.485151,-39.551443],[-72.485152,-39.55142],[-72.485187,-39.551421],[-72.485188,-39.551399],[-72.485223,-39.551399],[-72.485223,-39.551377],[-72.485258,-39.551378],[-72.485259,-39.551355],[-72.485294,-39.551356],[-72.485295,-39.551337],[-72.48533,-39.551338],[-72.48533,-39.551326],[-72.485365,-39.551327],[-72.485365,-39.551316],[-72.485435,-39.551307]]]}},{"type":"Feature","properties":{"id":"E4-S8","nombre":"Equipo 4 · Sector 8","layer":"sector","sector":"Sector 8","equipo_riego":"Equipo 4","equipo_id":4,"hectareas":2.29,"hileras":33,"etiquetas_plano":"8-4","color":"#680068"},"geometry":{"type":"Polygon","coordinates":[[[-72.483447,-39.552295],[-72.483447,-39.552285],[-72.483482,-39.552285],[-72.483555,-39.550271],[-72.48352,-39.55027],[-72.48352,-39.550277],[-72.483485,-39.550276],[-72.483484,-39.550283],[-72.48345,-39.550282],[-72.483449,-39.550288],[-72.483414,-39.550288],[-72.483414,-39.550294],[-72.483379,-39.550293],[-72.483379,-39.5503],[-72.483344,-39.550299],[-72.483344,-39.550306],[-72.483309,-39.550305],[-72.483309,-39.550311],[-72.483274,-39.550311],[-72.483274,-39.550317],[-72.482401,-39.550312],[-72.482325,-39.552417],[-72.482744,-39.552426],[-72.483023,-39.552416],[-72.483024,-39.552392],[-72.483129,-39.552387],[-72.483129,-39.552376],[-72.483164,-39.552377],[-72.483165,-39.552366],[-72.4832,-39.552367],[-72.4832,-39.552356],[-72.483235,-39.552357],[-72.483235,-39.552346],[-72.48327,-39.552346],[-72.483271,-39.552335],[-72.483305,-39.552336],[-72.483306,-39.552325],[-72.483341,-39.552326],[-72.483341,-39.552315],[-72.483376,-39.552316],[-72.483376,-39.552305],[-72.483411,-39.552306],[-72.483412,-39.552295],[-72.483447,-39.552295]]]}},{"type":"Feature","properties":{"id":"E4-S9","nombre":"Equipo 4 · Sector 9","layer":"sector","sector":"Sector 9","equipo_riego":"Equipo 4","equipo_id":4,"hectareas":2.29,"hileras":32,"etiquetas_plano":"9-4","color":"#bdbd00"},"geometry":{"type":"Polygon","coordinates":[[[-72.481209,-39.552392],[-72.482325,-39.552417],[-72.482401,-39.55031],[-72.482053,-39.550282],[-72.481948,-39.55028],[-72.481949,-39.550266],[-72.481323,-39.550211],[-72.481326,-39.550103],[-72.481292,-39.550103],[-72.481209,-39.552392]]]}},{"type":"Feature","properties":{"id":"E4-S10","nombre":"Equipo 4 · Sector 10","layer":"sector","sector":"Sector 10","equipo_riego":"Equipo 4","equipo_id":4,"hectareas":2.42,"hileras":50,"etiquetas_plano":"10-4","color":"#ff007f"},"geometry":{"type":"Polygon","coordinates":[[[-72.482517,-39.549029],[-72.480773,-39.548984],[-72.480651,-39.552379],[-72.481209,-39.552391],[-72.481292,-39.550103],[-72.481326,-39.550103],[-72.481331,-39.549975],[-72.481366,-39.549976],[-72.481367,-39.549948],[-72.481402,-39.549949],[-72.481405,-39.549859],[-72.48144,-39.549859],[-72.48144,-39.549846],[-72.481475,-39.549847],[-72.481476,-39.549834],[-72.481511,-39.549835],[-72.481511,-39.549822],[-72.481546,-39.549823],[-72.481546,-39.54981],[-72.481581,-39.54981],[-72.481582,-39.549783],[-72.481617,-39.549784],[-72.481618,-39.549755],[-72.481653,-39.549756],[-72.481654,-39.549728],[-72.481689,-39.549729],[-72.48169,-39.5497],[-72.481725,-39.549701],[-72.481726,-39.549673],[-72.481761,-39.549673],[-72.481762,-39.549646],[-72.481797,-39.549647],[-72.481798,-39.549619],[-72.481833,-39.54962],[-72.481834,-39.549592],[-72.481869,-39.549593],[-72.48187,-39.549565],[-72.481904,-39.549566],[-72.481905,-39.549538],[-72.48194,-39.549539],[-72.481941,-39.549511],[-72.481976,-39.549512],[-72.481977,-39.549485],[-72.482012,-39.549485],[-72.482013,-39.549458],[-72.482048,-39.549458],[-72.482049,-39.549431],[-72.482084,-39.549432],[-72.482085,-39.549404],[-72.48212,-39.549405],[-72.482121,-39.549376],[-72.482156,-39.549377],[-72.482157,-39.549348],[-72.482192,-39.549349],[-72.482193,-39.54932],[-72.482227,-39.549321],[-72.482229,-39.549292],[-72.482263,-39.549293],[-72.482264,-39.549265],[-72.482299,-39.549266],[-72.4823,-39.549237],[-72.482335,-39.549237],[-72.482336,-39.549207],[-72.482371,-39.549208],[-72.482372,-39.549177],[-72.482407,-39.549178],[-72.482408,-39.549147],[-72.482443,-39.549148],[-72.482444,-39.549118],[-72.482479,-39.549119],[-72.48248,-39.549088],[-72.482515,-39.549089],[-72.482517,-39.549029]]]}}]}